timestamp,pm2_5,pm10,no2,o3,co,so2,nh3,temp,humidity,pressure,wind_speed,hour,day,month,day_of_week,aqi_us,aqi_change_rate,target_aqi_3d
2026-07-03 12:00:00+00:00,37.09,47.92,1.09,131.18,324.41,1.31,6.75,36.3,42,960.4,7.5,12,3,7,4,105,0.0,107.0
2026-07-03 13:00:00+00:00,38.57,50.4,2.65,125.62,350.62,1.38,10.48,35.2,47,960.3,5.2,13,3,7,4,109,4.0,108.0
2026-07-03 14:00:00+00:00,41.09,54.35,5.1,114.95,394.43,1.46,16.09,34.1,57,960.0,1.6,14,3,7,4,115,6.0,113.0
2026-07-03 15:00:00+00:00,43.46,58.34,6.51,105.29,431.83,1.54,20.51,32.8,66,960.3,0.4,15,3,7,4,121,6.0,117.0
2026-07-03 16:00:00+00:00,45.48,61.83,7.31,95.85,461.99,1.56,24.87,31.8,72,960.9,1.5,16,3,7,4,126,5.0,121.0
2026-07-03 17:00:00+00:00,47.57,65.49,7.98,87.03,492.67,1.54,28.51,31.3,75,961.3,2.0,17,3,7,4,131,5.0,124.0
2026-07-03 18:00:00+00:00,48.79,68.18,8.36,80.2,511.89,1.45,30.29,30.6,74,961.0,4.2,18,3,7,4,134,3.0,127.0
2026-07-03 19:00:00+00:00,48.83,69.27,8.29,75.61,512.81,1.29,30.48,30.3,68,961.0,3.5,19,3,7,4,134,0.0,125.0
2026-07-03 20:00:00+00:00,49.11,70.48,8.13,70.01,514.6,1.11,31.36,29.8,68,960.7,1.1,20,3,7,4,135,1.0,130.0
2026-07-03 21:00:00+00:00,49.6,71.99,7.97,64.58,517.26,0.96,32.65,29.4,70,960.7,0.9,21,3,7,4,136,1.0,135.0
2026-07-03 22:00:00+00:00,49.81,73.27,7.89,59.2,519.69,0.85,33.97,28.9,75,961.1,4.6,22,3,7,4,136,0.0,139.0
2026-07-03 23:00:00+00:00,50.04,74.69,7.9,54.24,523.21,0.78,35.42,28.4,79,961.5,2.8,23,3,7,4,137,1.0,143.0
2026-07-04 00:00:00+00:00,50.46,76.26,8.0,50.03,527.61,0.76,37.57,28.8,76,961.5,5.2,0,4,7,5,138,1.0,147.0
2026-07-04 01:00:00+00:00,50.82,77.61,8.14,46.5,529.31,0.77,39.16,29.1,73,962.2,2.7,1,4,7,5,139,1.0,148.0
2026-07-04 02:00:00+00:00,50.76,78.82,8.23,45.0,541.63,0.85,38.13,31.0,62,962.9,0.3,2,4,7,5,139,0.0,149.0
2026-07-04 03:00:00+00:00,51.55,81.71,7.77,51.68,556.92,1.0,36.0,32.9,53,963.3,2.3,3,4,7,5,141,2.0,148.0
2026-07-04 04:00:00+00:00,40.86,69.17,1.37,119.08,325.67,2.67,9.06,34.7,46,963.0,3.4,4,4,7,5,114,-27.0,144.0
2026-07-04 05:00:00+00:00,37.49,62.44,0.68,122.93,283.26,1.96,6.69,36.4,41,962.4,3.1,5,4,7,5,106,-8.0,143.0
2026-07-04 06:00:00+00:00,36.36,60.97,0.55,122.91,269.94,1.71,6.39,37.3,35,962.8,2.7,6,4,7,5,103,-3.0,147.0
2026-07-04 07:00:00+00:00,35.64,60.3,0.5,123.28,262.57,1.57,6.23,38.2,32,962.1,1.1,7,4,7,5,101,-2.0,145.0
2026-07-04 08:00:00+00:00,34.05,58.24,0.48,122.71,248.53,1.42,5.94,39.1,29,960.8,1.3,8,4,7,5,97,-4.0,138.0
2026-07-04 09:00:00+00:00,32.61,56.14,0.47,122.46,236.17,1.3,5.75,39.9,27,959.9,2.9,9,4,7,5,94,-3.0,133.0
2026-07-04 10:00:00+00:00,32.26,55.77,0.59,122.62,232.16,1.26,6.47,40.2,26,958.9,5.0,10,4,7,5,93,-1.0,130.0
2026-07-04 11:00:00+00:00,32.63,56.42,0.85,122.19,233.78,1.28,8.19,40.4,25,958.1,4.7,11,4,7,5,94,1.0,129.0
2026-07-04 12:00:00+00:00,33.08,57.36,1.22,122.03,238.49,1.32,9.99,41.1,22,957.9,4.7,12,4,7,5,95,1.0,130.0
2026-07-04 13:00:00+00:00,34.92,60.32,2.91,116.19,266.63,1.43,15.39,40.5,23,957.4,2.4,13,4,7,5,99,4.0,135.0
2026-07-04 14:00:00+00:00,37.64,64.42,5.44,104.85,310.76,1.54,22.5,37.9,31,957.3,9.9,14,4,7,5,106,7.0,141.0
2026-07-04 15:00:00+00:00,40.28,68.75,7.02,94.68,349.88,1.6,28.22,35.4,40,957.5,8.8,15,4,7,5,113,7.0,147.0
2026-07-04 16:00:00+00:00,42.61,72.3,7.87,85.41,380.71,1.57,32.85,34.7,44,958.0,5.0,16,4,7,5,119,6.0,151.0
2026-07-04 17:00:00+00:00,44.93,75.83,8.54,77.24,409.28,1.5,35.18,34.3,45,958.4,5.5,17,4,7,5,124,5.0,152.0
2026-07-04 18:00:00+00:00,46.59,78.68,8.98,70.35,429.88,1.37,35.74,34.6,43,958.2,6.0,18,4,7,5,128,4.0,153.0
2026-07-04 19:00:00+00:00,47.26,80.66,8.97,64.86,434.32,1.19,35.08,34.0,46,958.3,1.5,19,4,7,5,130,2.0,153.0
2026-07-04 20:00:00+00:00,48.26,84.0,8.56,62.48,434.22,1.06,34.52,33.5,52,958.2,0.2,20,4,7,5,132,2.0,153.0
2026-07-04 21:00:00+00:00,49.5,88.19,7.98,61.9,432.6,0.99,33.92,32.6,53,958.3,0.2,21,4,7,5,135,3.0,154.0
2026-07-04 22:00:00+00:00,50.33,91.93,7.36,62.4,426.01,0.93,32.91,31.7,53,958.5,0.4,22,4,7,5,138,3.0,153.0
2026-07-04 23:00:00+00:00,51.06,93.97,7.26,59.76,427.5,0.86,33.57,30.9,54,958.6,1.0,23,4,7,5,139,1.0,153.0
2026-07-05 00:00:00+00:00,51.48,95.31,7.42,55.98,431.82,0.8,35.02,30.7,54,958.9,5.8,0,5,7,6,140,1.0,154.0
2026-07-05 01:00:00+00:00,51.22,95.78,7.63,51.84,435.33,0.78,35.7,30.4,55,959.4,4.0,1,5,7,6,140,0.0,153.0
2026-07-05 02:00:00+00:00,51.54,98.09,7.74,49.93,448.01,0.86,34.78,31.8,51,960.2,2.5,2,5,7,6,140,0.0,153.0
2026-07-05 03:00:00+00:00,52.93,103.96,6.97,57.03,459.1,1.08,32.75,33.5,47,960.7,2.7,3,5,7,6,144,4.0,153.0
2026-07-05 04:00:00+00:00,54.97,117.05,1.8,115.8,301.6,4.17,14.36,35.6,42,960.7,2.4,4,5,7,6,149,5.0,148.0
2026-07-05 05:00:00+00:00,53.11,109.14,1.01,125.36,268.37,4.2,11.52,37.6,37,960.6,1.4,5,5,7,6,144,-5.0,137.0
2026-07-05 06:00:00+00:00,54.38,108.51,0.81,128.84,260.49,4.27,11.14,38.3,34,961.0,0.9,6,5,7,6,147,3.0,134.0
2026-07-05 07:00:00+00:00,55.05,107.59,0.64,131.38,248.6,4.58,9.79,39.2,32,960.3,1.6,7,5,7,6,149,2.0,132.0
2026-07-05 08:00:00+00:00,52.35,100.22,0.56,130.64,232.42,4.28,8.65,40.1,30,959.4,2.3,8,5,7,6,142,-7.0,129.0
2026-07-05 09:00:00+00:00,50.2,94.12,0.55,129.44,223.13,3.95,8.14,40.9,28,958.5,2.4,9,5,7,6,137,-5.0,127.0
2026-07-05 10:00:00+00:00,49.16,90.44,0.59,130.03,219.25,3.75,8.01,41.5,25,957.8,1.7,10,5,7,6,135,-2.0,126.0
2026-07-05 11:00:00+00:00,48.73,88.18,0.67,129.74,216.91,3.66,8.15,41.4,25,957.4,2.9,11,5,7,6,134,-1.0,127.0
2026-07-05 12:00:00+00:00,48.71,87.23,0.83,129.49,216.58,3.64,8.42,41.6,25,957.1,7.1,12,5,7,6,134,0.0,130.0
2026-07-05 13:00:00+00:00,50.87,89.12,1.98,123.5,236.13,3.69,12.26,40.5,28,956.8,5.8,13,5,7,6,139,5.0,138.0
2026-07-05 14:00:00+00:00,54.45,93.05,3.88,112.86,270.21,3.73,18.12,38.5,35,956.6,8.1,14,5,7,6,148,9.0,148.0
2026-07-05 15:00:00+00:00,57.76,97.3,5.12,103.64,301.64,3.69,22.57,36.8,40,956.6,6.0,15,5,7,6,152,4.0,152.0
2026-07-05 16:00:00+00:00,60.07,100.36,5.88,95.02,325.89,3.49,25.8,35.7,44,957.4,1.9,16,5,7,6,153,1.0,153.0
2026-07-05 17:00:00+00:00,62.53,104.22,6.43,89.01,348.97,3.32,27.86,35.2,48,957.9,6.1,17,5,7,6,155,2.0,154.0
2026-07-05 18:00:00+00:00,64.55,107.6,6.8,84.78,366.23,3.12,29.0,34.8,52,958.3,6.8,18,5,7,6,156,1.0,154.0
2026-07-05 19:00:00+00:00,65.64,109.25,6.99,80.34,375.56,2.82,29.76,34.2,54,958.0,5.4,19,5,7,6,156,0.0,155.0
2026-07-05 20:00:00+00:00,66.82,110.48,7.24,74.91,389.66,2.49,31.37,33.9,54,957.9,1.2,20,5,7,6,157,1.0,155.0
2026-07-05 21:00:00+00:00,67.73,111.52,7.38,69.78,403.04,2.24,33.23,33.5,58,957.8,0.2,21,5,7,6,157,0.0,155.0
2026-07-05 22:00:00+00:00,67.98,111.47,7.52,64.11,412.52,1.98,34.95,32.5,58,957.9,1.3,22,5,7,6,157,0.0,156.0
2026-07-05 23:00:00+00:00,68.4,111.73,7.84,57.94,424.48,1.73,36.6,31.7,60,958.1,1.0,23,5,7,6,158,1.0,156.0
2026-07-06 00:00:00+00:00,68.64,112.36,8.23,52.28,437.24,1.51,38.25,30.6,62,958.6,3.1,0,6,7,0,158,0.0,156.0
2026-07-06 01:00:00+00:00,68.2,112.64,8.67,46.79,449.29,1.36,39.38,30.0,66,959.3,7.3,1,6,7,0,158,0.0,157.0
2026-07-06 02:00:00+00:00,68.43,114.85,9.21,43.69,476.0,1.41,39.4,31.2,63,960.1,6.4,2,6,7,0,158,0.0,157.0
2026-07-06 03:00:00+00:00,69.76,119.9,8.88,48.98,508.45,1.64,38.67,32.7,59,960.7,5.4,3,6,7,0,158,0.0,158.0
2026-07-06 04:00:00+00:00,64.73,128.73,3.1,117.0,361.26,6.94,19.27,34.5,55,960.8,3.7,4,6,7,0,156,-2.0,154.0
2026-07-06 05:00:00+00:00,61.09,122.32,1.72,134.19,320.97,7.36,14.56,36.2,50,960.6,2.1,5,6,7,0,154,-2.0,153.0
2026-07-06 06:00:00+00:00,59.28,117.29,1.23,140.35,304.76,7.02,12.89,37.3,43,960.7,2.3,6,6,7,0,153,-1.0,154.0
2026-07-06 07:00:00+00:00,50.93,100.18,0.83,139.52,272.67,5.73,10.2,38.8,36,960.3,3.1,7,6,7,0,139,-14.0,153.0
2026-07-06 08:00:00+00:00,44.59,86.32,0.72,137.64,253.87,4.54,8.84,40.3,31,959.5,1.9,8,6,7,0,123,-16.0,150.0
2026-07-06 09:00:00+00:00,41.25,78.44,0.71,136.62,247.92,3.86,8.45,40.9,29,958.5,2.3,9,6,7,0,115,-8.0,145.0
2026-07-06 10:00:00+00:00,39.72,74.42,0.77,136.98,250.24,3.44,8.71,41.7,25,957.9,1.3,10,6,7,0,111,-4.0,144.0
2026-07-06 11:00:00+00:00,38.92,72.24,0.91,137.3,256.55,3.19,9.38,41.2,26,957.6,6.0,11,6,7,0,109,-2.0,146.0
2026-07-06 12:00:00+00:00,37.87,70.29,1.13,137.35,263.39,3.01,10.0,38.4,36,957.6,11.4,12,6,7,0,107,-2.0,149.0
2026-07-06 13:00:00+00:00,38.43,70.16,2.88,130.28,296.97,2.88,14.74,37.5,39,957.7,10.9,13,6,7,0,108,1.0,152.0
2026-07-06 14:00:00+00:00,40.3,71.58,5.58,117.48,352.36,2.79,21.84,36.4,43,957.5,10.2,14,6,7,0,113,5.0,154.0
2026-07-06 15:00:00+00:00,42.17,73.37,7.08,106.85,400.71,2.68,27.72,35.0,51,958.0,10.8,15,6,7,0,117,4.0,155.0
2026-07-06 16:00:00+00:00,43.47,74.0,7.55,98.78,434.27,2.5,31.44,34.4,53,958.8,8.7,16,6,7,0,121,4.0,156.0
2026-07-06 17:00:00+00:00,44.9,74.34,7.37,95.0,460.0,2.33,31.88,33.6,55,959.4,7.0,17,6,7,0,124,3.0,157.0
2026-07-06 18:00:00+00:00,45.98,73.97,6.6,95.81,472.72,2.22,31.01,30.6,58,961.3,5.9,18,6,7,0,127,3.0,158.0
2026-07-06 19:00:00+00:00,45.28,71.15,3.8,113.3,439.79,2.4,24.7,30.1,60,960.8,5.6,19,6,7,0,125,-2.0,158.0
2026-07-06 20:00:00+00:00,47.08,71.09,3.21,116.51,451.15,2.44,24.4,29.7,60,960.8,5.0,20,6,7,0,130,5.0,158.0
2026-07-06 21:00:00+00:00,49.26,72.51,3.03,116.52,467.53,2.41,25.14,29.4,60,960.7,4.3,21,6,7,0,135,5.0,159.0
2026-07-06 22:00:00+00:00,50.98,73.99,3.01,114.53,479.19,2.3,25.84,29.3,60,960.8,5.2,22,6,7,0,139,4.0,159.0
2026-07-06 23:00:00+00:00,52.68,75.67,3.08,112.16,492.86,2.2,26.55,29.1,60,961.0,4.8,23,6,7,0,143,4.0,160.0
2026-07-07 00:00:00+00:00,54.13,77.1,3.23,109.07,507.47,2.13,26.85,29.6,63,961.0,3.4,0,7,7,1,147,4.0,161.0
2026-07-07 01:00:00+00:00,54.74,77.41,3.46,104.01,520.9,2.03,26.17,29.2,67,961.8,1.7,1,7,7,1,148,1.0,159.0
2026-07-07 02:00:00+00:00,55.11,78.24,4.01,99.02,532.92,1.92,25.61,29.5,63,962.1,2.0,2,7,7,1,149,1.0,159.0
2026-07-07 03:00:00+00:00,54.79,79.21,4.13,98.59,533.31,1.86,23.99,27.7,69,962.3,6.3,3,7,7,1,148,-1.0,159.0
2026-07-07 04:00:00+00:00,52.94,80.58,2.17,122.23,476.8,2.77,18.44,30.4,60,962.4,3.4,4,7,7,1,144,-4.0,157.0
2026-07-07 05:00:00+00:00,52.65,82.25,1.42,132.74,447.77,2.93,16.4,32.4,54,962.0,1.6,5,7,7,1,143,-1.0,158.0
2026-07-07 06:00:00+00:00,54.12,85.1,1.06,139.9,432.33,2.95,15.46,33.8,46,961.7,1.5,6,7,7,1,147,4.0,159.0
2026-07-07 07:00:00+00:00,53.41,94.02,0.7,143.09,371.67,3.58,12.34,36.0,40,961.1,1.5,7,7,7,1,145,-2.0,159.0
2026-07-07 08:00:00+00:00,50.33,93.74,0.62,139.83,320.98,3.5,10.4,37.1,37,959.8,1.5,8,7,7,1,138,-7.0,156.0
2026-07-07 09:00:00+00:00,48.33,91.0,0.64,137.24,301.62,3.31,9.76,38.1,34,958.8,3.5,9,7,7,1,133,-5.0,155.0
2026-07-07 10:00:00+00:00,47.23,88.81,0.77,136.8,297.31,3.24,10.16,38.3,33,957.9,4.0,10,7,7,1,130,-3.0,155.0
2026-07-07 11:00:00+00:00,46.96,87.65,1.02,135.6,300.32,3.24,11.39,38.7,32,957.2,3.5,11,7,7,1,129,-1.0,156.0
2026-07-07 12:00:00+00:00,47.37,87.49,1.4,134.86,310.07,3.33,12.77,38.9,31,956.7,3.1,12,7,7,1,130,1.0,157.0
2026-07-07 13:00:00+00:00,49.23,89.37,3.2,127.8,343.45,3.35,16.69,38.6,32,956.2,1.0,13,7,7,1,135,5.0,158.0
2026-07-07 14:00:00+00:00,51.88,92.34,5.83,115.47,392.79,3.28,22.0,37.2,36,956.2,7.3,14,7,7,1,141,6.0,160.0
2026-07-07 15:00:00+00:00,54.33,95.46,7.37,104.51,437.08,3.17,26.42,35.3,42,956.8,9.8,15,7,7,1,147,6.0,161.0
2026-07-07 16:00:00+00:00,56.17,97.42,8.29,94.23,472.12,2.94,30.82,34.6,45,957.8,5.2,16,7,7,1,151,4.0,161.0
2026-07-07 17:00:00+00:00,57.99,99.57,9.05,84.52,505.52,2.66,34.36,34.0,48,958.4,3.6,17,7,7,1,152,1.0,161.0
2026-07-07 18:00:00+00:00,59.33,101.71,9.64,76.06,531.47,2.38,36.76,34.0,47,958.1,6.9,18,7,7,1,153,1.0,160.0
2026-07-07 19:00:00+00:00,59.72,102.87,9.81,69.02,540.83,2.07,38.41,32.8,53,957.9,7.4,19,7,7,1,153,0.0,158.0
2026-07-07 20:00:00+00:00,60.25,104.56,9.54,64.8,544.38,1.86,40.22,31.9,57,958.1,4.7,20,7,7,1,153,0.0,157.0
2026-07-07 21:00:00+00:00,60.6,105.76,9.13,62.88,544.01,1.76,42.76,31.5,58,958.4,5.1,21,7,7,1,154,1.0,156.0
2026-07-07 22:00:00+00:00,60.28,105.59,8.66,62.07,537.02,1.73,44.84,31.2,58,958.5,3.8,22,7,7,1,153,-1.0,155.0
2026-07-07 23:00:00+00:00,60.3,105.52,8.38,59.93,536.05,1.65,45.83,30.8,59,958.7,3.5,23,7,7,1,153,0.0,155.0
2026-07-08 00:00:00+00:00,60.69,105.75,8.33,56.72,541.61,1.54,46.52,26.4,72,959.1,18.5,0,8,7,2,154,1.0,155.0
2026-07-08 01:00:00+00:00,60.34,104.85,8.46,52.98,547.33,1.46,45.6,25.3,85,959.1,3.9,1,8,7,2,153,-1.0,154.0
2026-07-08 02:00:00+00:00,60.03,104.17,8.87,51.06,562.08,1.55,42.74,26.1,85,959.3,3.6,2,8,7,2,153,0.0,154.0
2026-07-08 03:00:00+00:00,60.05,105.38,8.66,58.16,572.41,1.89,39.29,30.5,60,960.1,3.7,3,8,7,2,153,0.0,153.0
2026-07-08 04:00:00+00:00,54.5,105.39,1.81,128.78,392.48,3.54,16.04,33.6,44,960.3,3.1,4,8,7,2,148,-5.0,153.0
2026-07-08 05:00:00+00:00,50.23,97.28,1.04,136.34,347.99,3.18,12.69,35.8,40,960.0,1.7,5,8,7,2,137,-11.0,152.0
2026-07-08 06:00:00+00:00,48.91,93.42,0.85,138.41,332.79,3.06,11.69,37.9,32,959.3,2.5,6,8,7,2,134,-3.0,152.0
2026-07-08 07:00:00+00:00,48.17,90.44,0.75,139.92,321.31,2.97,10.82,39.5,28,959.1,7.3,7,8,7,2,132,-2.0,147.0
2026-07-08 08:00:00+00:00,46.72,85.5,0.74,139.87,309.57,2.8,10.13,39.0,26,959.1,13.1,8,8,7,2,129,-3.0,136.0
2026-07-08 09:00:00+00:00,45.9,82.13,0.76,139.35,304.52,2.67,9.84,38.4,26,957.7,8.6,9,8,7,2,127,-2.0,132.0
2026-07-08 10:00:00+00:00,45.81,81.05,0.82,139.34,303.9,2.62,9.9,39.6,24,957.2,10.9,10,8,7,2,126,-1.0,132.0
2026-07-08 11:00:00+00:00,45.98,81.14,0.96,138.38,305.32,2.64,10.36,40.2,22,956.6,9.5,11,8,7,2,127,1.0,135.0
2026-07-08 12:00:00+00:00,47.26,83.22,1.21,137.28,311.02,2.75,11.01,40.4,22,955.8,13.9,12,8,7,2,130,3.0,136.0
2026-07-08 13:00:00+00:00,50.6,88.55,2.38,132.57,335.45,2.96,14.08,39.0,24,956.1,15.5,13,8,7,2,138,8.0,136.0
2026-07-08 14:00:00+00:00,54.53,94.4,4.23,122.92,371.51,3.12,18.57,37.9,27,956.4,11.2,14,8,7,2,148,10.0,138.0
2026-07-08 15:00:00+00:00,57.69,98.81,5.34,113.59,402.07,3.15,22.12,36.5,31,957.2,15.5,15,8,7,2,152,4.0,139.0
2026-07-08 16:00:00+00:00,59.43,100.3,6.03,103.82,425.45,2.97,25.14,35.5,34,957.9,14.4,16,8,7,2,153,1.0,139.0
2026-07-08 17:00:00+00:00,61.0,101.64,6.68,95.18,449.58,2.72,28.05,34.8,36,958.6,10.5,17,8,7,2,154,1.0,140.0
2026-07-08 18:00:00+00:00,62.13,102.86,7.17,87.9,467.75,2.44,30.37,31.2,47,959.9,14.5,18,8,7,2,154,0.0,141.0
2026-07-08 19:00:00+00:00,62.47,103.06,7.38,80.98,473.19,2.1,32.02,31.1,49,959.7,1.8,19,8,7,2,155,1.0,141.0
2026-07-08 20:00:00+00:00,63.21,104.13,7.49,75.04,479.3,1.78,33.67,30.4,52,959.8,11.6,20,8,7,2,155,0.0,141.0
2026-07-08 21:00:00+00:00,64.06,105.8,7.54,69.95,485.86,1.56,35.5,29.5,55,960.0,8.7,21,8,7,2,155,0.0,141.0
2026-07-08 22:00:00+00:00,64.55,107.06,7.6,65.24,491.32,1.4,37.3,29.3,56,959.8,5.3,22,8,7,2,156,1.0,142.0
2026-07-08 23:00:00+00:00,65.33,108.41,7.78,60.27,498.72,1.24,38.46,29.2,57,960.0,5.5,23,8,7,2,156,0.0,143.0
2026-07-09 00:00:00+00:00,66.02,109.62,8.1,54.99,508.98,1.1,39.09,28.6,64,960.0,8.3,0,9,7,3,156,0.0,144.0
2026-07-09 01:00:00+00:00,66.26,110.57,8.47,49.68,518.81,0.98,38.94,28.4,66,960.4,9.0,1,9,7,3,157,1.0,145.0
2026-07-09 02:00:00+00:00,67.3,113.61,9.0,46.63,542.66,1.02,38.11,29.4,62,960.7,8.0,2,9,7,3,157,0.0,145.0
2026-07-09 03:00:00+00:00,69.32,119.33,8.77,51.26,573.09,1.18,36.76,30.9,56,960.7,5.3,3,9,7,3,158,1.0,146.0
2026-07-09 04:00:00+00:00,62.26,120.46,2.14,120.61,374.89,3.75,15.69,32.9,48,960.6,3.6,4,9,7,3,154,-4.0,126.0
2026-07-09 05:00:00+00:00,60.1,115.15,1.07,132.15,340.79,3.67,12.52,35.1,41,960.1,1.8,5,9,7,3,153,-1.0,119.0
2026-07-09 06:00:00+00:00,60.39,113.97,0.81,135.18,331.35,3.48,11.89,35.5,38,960.6,2.9,6,9,7,3,154,1.0,117.0
2026-07-09 07:00:00+00:00,58.91,107.64,0.65,136.72,320.41,2.98,10.96,37.1,35,960.1,5.7,7,9,7,3,153,-1.0,115.0
2026-07-09 08:00:00+00:00,55.3,98.37,0.58,134.4,303.15,2.48,9.92,38.2,32,959.4,7.1,8,9,7,3,150,-3.0,112.0
2026-07-09 09:00:00+00:00,53.24,93.54,0.6,132.59,292.76,2.25,9.42,39.4,27,958.7,5.1,9,9,7,3,145,-5.0,110.0
2026-07-09 10:00:00+00:00,52.84,92.39,0.67,132.77,290.01,2.19,9.43,40.2,24,958.3,3.5,10,9,7,3,144,-1.0,111.0
2026-07-09 11:00:00+00:00,53.71,93.72,0.83,132.49,294.08,2.28,9.98,40.2,25,957.7,5.4,11,9,7,3,146,2.0,114.0
2026-07-09 12:00:00+00:00,54.97,95.72,1.1,132.03,304.01,2.34,10.69,39.8,29,957.4,11.7,12,9,7,3,149,3.0,116.0
2026-07-09 13:00:00+00:00,57.39,98.8,2.2,128.2,329.57,2.38,14.09,39.3,30,957.2,8.3,13,9,7,3,152,3.0,119.0
2026-07-09 14:00:00+00:00,60.36,102.46,3.85,121.1,365.73,2.37,19.7,38.7,29,957.6,6.9,14,9,7,3,154,2.0,125.0
2026-07-09 15:00:00+00:00,63.06,106.13,4.72,114.97,396.32,2.31,24.74,36.3,39,958.3,9.6,15,9,7,3,155,1.0,131.0
2026-07-09 16:00:00+00:00,64.85,107.72,5.44,106.96,423.46,2.14,29.78,34.7,46,959.2,7.9,16,9,7,3,156,1.0,135.0
2026-07-09 17:00:00+00:00,66.92,109.99,6.34,98.42,455.83,1.95,33.49,33.7,50,959.8,6.5,17,9,7,3,157,1.0,140.0
2026-07-09 18:00:00+00:00,68.5,112.28,7.13,91.4,481.83,1.8,35.66,33.7,51,959.4,5.8,18,9,7,3,158,1.0,144.0
2026-07-09 19:00:00+00:00,69.07,113.16,7.58,84.98,493.96,1.63,37.5,33.1,50,959.7,6.2,19,9,7,3,158,0.0,145.0
2026-07-09 20:00:00+00:00,69.93,114.44,7.71,79.42,503.44,1.49,41.34,32.7,49,959.6,5.6,20,9,7,3,158,0.0,146.0
2026-07-09 21:00:00+00:00,70.92,115.57,7.69,74.93,512.08,1.4,46.49,32.3,49,959.4,4.3,21,9,7,3,159,1.0,148.0
2026-07-09 22:00:00+00:00,71.7,116.22,7.61,71.98,516.69,1.38,52.06,31.9,50,959.5,3.4,22,9,7,3,159,0.0,149.0
2026-07-09 23:00:00+00:00,72.94,118.0,7.55,71.0,523.35,1.44,58.35,31.3,52,959.8,2.2,23,9,7,3,160,1.0,150.0
2026-07-10 00:00:00+00:00,74.31,119.82,7.57,71.22,531.33,1.55,65.47,31.2,51,959.9,5.6,0,10,7,4,161,1.0,151.0
2026-07-11 01:00:00+00:00,70.67,130.97,4.12,82.79,361.06,2.56,30.89,28.3,76,958.6,4.8,1,11,7,5,159,-2.0,151.0
2026-07-11 02:00:00+00:00,70.17,124.46,4.39,80.94,384.38,2.62,29.42,28.9,73,958.7,8.6,2,11,7,5,159,0.0,151.0
2026-07-11 03:00:00+00:00,70.21,120.37,4.34,83.7,408.8,2.73,26.71,29.9,68,959.2,6.7,3,11,7,5,159,0.0,152.0
2026-07-11 04:00:00+00:00,67.43,126.79,2.35,104.28,374.95,3.7,18.71,31.8,60,959.3,2.4,4,11,7,5,157,-2.0,135.0
2026-07-11 05:00:00+00:00,68.1,127.3,1.6,115.26,373.25,3.69,16.99,33.8,53,959.0,1.1,5,11,7,5,158,1.0,129.0
2026-07-11 06:00:00+00:00,71.48,129.93,1.24,124.38,381.69,3.65,16.52,35.4,47,959.2,3.0,6,11,7,5,159,1.0,128.0
2026-07-11 07:00:00+00:00,71.14,138.5,0.83,128.88,333.22,3.48,13.55,36.0,46,958.4,5.6,7,11,7,5,159,0.0,125.0
2026-07-11 08:00:00+00:00,65.54,131.65,0.67,128.13,291.57,3.07,11.06,37.0,42,957.9,3.1,8,11,7,5,156,-3.0,123.0
2026-07-11 09:00:00+00:00,63.2,126.53,0.67,127.57,282.04,2.94,10.29,37.6,39,956.8,2.2,9,11,7,5,155,-1.0,122.0
2026-07-11 10:00:00+00:00,63.32,124.25,0.79,128.37,285.74,2.97,10.58,38.3,37,956.4,2.7,10,11,7,5,155,0.0,125.0
2026-07-11 11:00:00+00:00,65.12,124.24,1.02,128.37,297.3,3.02,11.78,38.3,35,956.0,7.0,11,11,7,5,156,1.0,130.0
2026-07-11 12:00:00+00:00,67.08,125.49,1.37,128.11,309.16,3.06,13.03,36.6,41,956.3,5.3,12,11,7,5,157,1.0,135.0
2026-07-11 13:00:00+00:00,69.79,127.74,2.55,123.13,332.28,3.0,16.32,36.1,42,956.3,6.8,13,11,7,5,158,1.0,145.0
2026-07-11 14:00:00+00:00,72.47,129.91,4.26,114.01,362.9,2.86,20.85,34.9,47,956.9,13.5,14,11,7,5,160,2.0,153.0
2026-07-11 15:00:00+00:00,74.01,131.35,5.2,105.72,387.19,2.69,24.47,33.6,53,957.5,13.6,15,11,7,5,161,1.0,155.0
2026-07-11 16:00:00+00:00,74.51,130.69,5.6,99.33,402.35,2.58,27.1,33.2,55,958.3,8.5,16,11,7,5,161,0.0,157.0
2026-07-11 17:00:00+00:00,74.6,129.01,5.56,96.6,410.39,2.57,28.61,32.6,57,958.6,7.6,17,11,7,5,161,0.0,159.0
2026-07-11 18:00:00+00:00,73.18,124.82,5.06,97.53,404.21,2.57,27.8,32.2,58,958.5,5.9,18,11,7,5,160,-1.0,161.0
2026-07-11 19:00:00+00:00,69.05,114.22,4.51,96.34,387.22,2.77,24.81,28.3,75,958.5,13.9,19,11,7,5,158,-2.0,162.0
2026-07-11 20:00:00+00:00,66.54,103.78,4.55,91.62,392.46,2.8,20.66,25.4,86,959.3,2.1,20,11,7,5,157,-1.0,163.0
2026-07-11 21:00:00+00:00,64.83,95.48,4.57,86.77,402.71,2.62,16.08,25.1,88,958.7,7.9,21,11,7,5,156,-1.0,164.0
2026-07-11 22:00:00+00:00,63.3,89.74,4.32,82.27,406.62,2.12,12.8,24.6,86,958.4,6.4,22,11,7,5,155,-1.0,164.0
2026-07-11 23:00:00+00:00,63.09,87.82,4.13,79.58,413.1,1.66,10.88,25.0,82,957.9,5.7,23,11,7,5,155,0.0,164.0
2026-07-12 00:00:00+00:00,62.85,86.39,3.86,79.52,418.15,1.39,10.15,25.7,86,957.6,0.8,0,12,7,6,155,0.0,165.0
2026-07-12 01:00:00+00:00,61.29,84.97,2.79,89.67,406.31,1.37,10.06,25.9,85,957.6,1.7,1,12,7,6,154,-1.0,165.0
2026-07-12 02:00:00+00:00,60.47,84.24,2.68,92.48,410.45,1.31,10.9,26.7,77,957.5,3.2,2,12,7,6,154,0.0,165.0
2026-07-12 03:00:00+00:00,59.86,84.08,2.78,94.09,416.68,1.29,11.9,27.3,73,957.7,1.5,3,12,7,6,153,-1.0,166.0
2026-07-12 04:00:00+00:00,58.7,84.75,2.07,106.85,405.15,1.36,11.88,27.6,71,958.0,2.7,4,12,7,6,153,0.0,164.0
2026-07-12 05:00:00+00:00,58.02,85.43,1.46,114.72,394.27,1.41,12.06,28.8,67,958.4,3.6,5,12,7,6,152,-1.0,161.0
2026-07-12 06:00:00+00:00,58.36,86.79,1.02,120.72,382.6,1.5,12.05,29.9,62,958.4,6.3,6,12,7,6,152,0.0,160.0
2026-07-12 07:00:00+00:00,54.01,80.79,0.59,124.75,318.25,1.22,8.91,31.9,55,958.5,5.8,7,12,7,6,147,-5.0,158.0
2026-07-12 08:00:00+00:00,49.7,73.47,0.49,122.76,279.28,1.0,7.34,32.7,51,958.5,7.1,8,12,7,6,136,-11.0,156.0
2026-07-12 09:00:00+00:00,47.98,69.68,0.53,121.14,270.24,0.95,7.06,33.6,49,958.2,10.7,9,12,7,6,132,-4.0,155.0
2026-07-12 10:00:00+00:00,48.28,68.96,0.79,120.15,276.04,1.0,8.09,33.7,48,958.5,8.3,10,12,7,6,132,0.0,154.0
2026-07-12 11:00:00+00:00,49.14,69.25,1.17,118.45,288.68,1.04,9.96,32.9,52,958.4,2.1,11,12,7,6,135,3.0,154.0
2026-07-12 12:00:00+00:00,49.53,69.01,1.64,117.85,306.3,1.02,11.51,31.1,52,958.2,6.2,12,12,7,6,136,1.0,155.0
2026-07-12 13:00:00+00:00,49.82,68.83,2.59,113.94,330.86,0.97,14.75,31.1,54,958.6,3.4,13,12,7,6,136,0.0,155.0
2026-07-12 14:00:00+00:00,50.41,69.5,3.78,107.0,360.29,0.95,18.87,30.8,55,958.8,4.1,14,12,7,6,138,2.0,156.0
2026-07-12 15:00:00+00:00,50.86,70.33,4.41,100.82,385.1,0.95,22.14,30.3,59,959.1,5.4,15,12,7,6,139,1.0,157.0
2026-07-12 16:00:00+00:00,50.91,70.41,4.96,93.63,408.39,0.93,25.42,29.6,65,960.1,3.2,16,12,7,6,139,0.0,157.0
2026-07-12 17:00:00+00:00,51.46,71.28,5.61,86.86,435.26,0.9,28.27,29.2,65,960.5,2.3,17,12,7,6,140,1.0,157.0
2026-07-12 18:00:00+00:00,51.87,72.45,6.07,81.81,455.13,0.86,29.84,29.4,65,960.4,1.8,18,12,7,6,141,1.0,158.0
2026-07-12 19:00:00+00:00,51.63,73.09,6.22,77.65,460.37,0.78,30.36,29.1,65,960.2,2.5,19,12,7,6,141,0.0,158.0
2026-07-12 20:00:00+00:00,51.77,74.18,6.34,73.06,468.45,0.73,31.9,28.9,66,959.8,2.9,20,12,7,6,141,0.0,158.0
2026-07-12 21:00:00+00:00,51.92,75.31,6.36,68.78,477.2,0.7,33.72,28.5,67,959.6,2.3,21,12,7,6,141,0.0,158.0
2026-07-12 22:00:00+00:00,52.0,76.22,6.43,65.04,485.43,0.71,37.12,28.1,69,959.3,2.7,22,12,7,6,142,1.0,158.0
2026-07-12 23:00:00+00:00,52.38,77.49,6.74,62.21,495.23,0.78,43.53,27.7,71,959.0,3.3,23,12,7,6,143,1.0,158.0
2026-07-13 00:00:00+00:00,53.15,79.33,7.13,60.98,505.59,0.87,50.49,28.2,70,959.1,4.5,0,13,7,0,144,1.0,159.0
2026-07-13 01:00:00+00:00,53.25,80.57,7.43,60.37,511.23,0.97,54.25,28.2,70,959.1,4.6,1,13,7,0,145,1.0,159.0
2026-07-13 02:00:00+00:00,53.26,82.02,7.76,59.01,527.27,1.07,50.91,29.7,63,959.3,3.6,2,13,7,0,145,0.0,159.0
2026-07-13 03:00:00+00:00,53.61,84.04,7.43,63.04,546.39,1.14,44.74,31.6,56,959.6,1.5,3,13,7,0,146,1.0,159.0
2026-07-13 04:00:00+00:00,45.55,75.11,1.47,118.84,357.9,1.54,13.44,33.5,48,959.7,1.5,4,13,7,0,126,-20.0,154.0
2026-07-13 05:00:00+00:00,42.95,68.92,0.82,122.6,310.84,1.43,10.07,35.3,41,959.5,1.5,5,13,7,0,119,-7.0,152.0
2026-07-13 06:00:00+00:00,42.01,66.89,0.71,123.26,298.65,1.39,9.62,36.0,38,959.8,5.2,6,13,7,0,117,-2.0,152.0
2026-07-13 07:00:00+00:00,41.2,65.03,0.62,124.05,288.7,1.38,8.78,36.7,36,959.4,1.6,7,13,7,0,115,-2.0,151.0
2026-07-13 08:00:00+00:00,40.05,63.15,0.68,122.85,280.18,1.44,8.55,37.9,32,959.0,2.2,8,13,7,0,112,-3.0,147.0
2026-07-13 09:00:00+00:00,39.33,61.33,0.8,121.24,276.76,1.5,8.63,38.6,30,958.7,6.7,9,13,7,0,110,-2.0,142.0
2026-07-13 10:00:00+00:00,39.69,60.65,1.05,120.27,282.47,1.6,10.0,37.7,31,958.4,9.8,10,13,7,0,111,1.0,139.0
2026-07-13 11:00:00+00:00,40.64,61.16,1.32,120.15,290.76,1.68,11.98,37.2,33,958.9,11.0,11,13,7,0,114,3.0,138.0
2026-07-13 12:00:00+00:00,41.42,62.0,1.67,120.8,297.87,1.73,13.8,37.5,30,958.0,8.3,12,13,7,0,116,2.0,139.0
2026-07-13 13:00:00+00:00,42.95,63.93,3.31,115.2,325.25,1.77,18.87,37.0,31,958.2,9.1,13,13,7,0,119,3.0,142.0
2026-07-13 14:00:00+00:00,45.37,67.3,5.95,103.3,371.9,1.83,24.8,35.8,37,958.7,8.7,14,13,7,0,125,6.0,147.0
2026-07-13 15:00:00+00:00,47.75,70.84,7.57,92.5,415.43,1.86,29.36,34.5,43,958.9,9.4,15,13,7,0,131,6.0,151.0
2026-07-13 16:00:00+00:00,49.49,73.65,8.43,83.32,448.0,1.79,33.14,33.6,47,959.8,4.2,16,13,7,0,135,4.0,152.0
2026-07-13 17:00:00+00:00,51.36,76.86,9.14,75.57,479.17,1.71,36.15,33.2,48,959.9,4.2,17,13,7,0,140,5.0,153.0
2026-07-13 18:00:00+00:00,52.82,79.74,9.75,68.92,503.86,1.61,38.49,33.0,49,960.1,5.8,18,13,7,0,144,4.0,154.0
2026-07-13 19:00:00+00:00,53.18,81.17,9.87,63.45,509.76,1.44,39.61,32.2,51,960.0,7.4,19,13,7,0,145,1.0,154.0
2026-07-13 20:00:00+00:00,53.8,82.72,9.88,57.61,516.42,1.24,40.35,31.5,54,959.7,5.0,20,13,7,0,146,1.0,155.0
2026-07-13 21:00:00+00:00,54.44,84.34,9.73,52.54,522.66,1.09,41.26,31.5,54,959.7,1.6,21,13,7,0,148,2.0,155.0
2026-07-13 22:00:00+00:00,54.8,85.63,9.54,48.36,526.07,1.0,42.53,31.5,54,959.4,1.7,22,13,7,0,149,1.0,155.0
2026-07-13 23:00:00+00:00,55.29,87.22,9.46,45.29,529.71,0.98,45.37,29.5,58,959.8,18.3,23,13,7,0,150,1.0,156.0
2026-07-14 00:00:00+00:00,55.99,89.24,9.52,42.89,534.45,1.0,49.66,30.0,58,959.9,3.1,0,14,7,1,151,1.0,156.0
2026-07-14 01:00:00+00:00,56.27,90.64,9.67,40.54,536.78,1.04,52.73,28.7,67,960.7,9.5,1,14,7,1,151,0.0,156.0
2026-07-14 02:00:00+00:00,56.36,92.07,9.8,39.85,553.12,1.11,50.19,30.1,59,961.3,3.9,2,14,7,1,151,0.0,156.0
2026-07-14 03:00:00+00:00,56.95,94.08,9.12,47.97,572.91,1.24,46.12,31.6,55,961.6,5.5,3,14,7,1,152,1.0,156.0
2026-07-14 04:00:00+00:00,49.35,91.24,1.92,110.58,348.35,2.35,17.38,33.4,50,962.0,5.2,4,14,7,1,135,-17.0,152.0
2026-07-14 05:00:00+00:00,47.05,84.5,0.97,119.62,312.08,1.85,14.13,35.3,43,961.8,2.6,5,14,7,1,129,-6.0,148.0
2026-07-14 06:00:00+00:00,46.39,81.51,0.78,121.92,302.49,1.57,13.61,36.2,40,962.0,4.6,6,14,7,1,128,-1.0,148.0
2026-07-14 07:00:00+00:00,45.31,76.33,0.67,122.28,290.4,1.41,11.7,36.8,38,961.6,4.6,7,14,7,1,125,-3.0,147.0
2026-07-14 08:00:00+00:00,44.29,72.48,0.71,121.68,283.39,1.33,10.83,37.3,35,960.9,5.5,8,14,7,1,123,-2.0,144.0
2026-07-14 09:00:00+00:00,44.16,70.36,0.82,121.13,282.32,1.28,10.66,38.2,31,960.3,4.2,9,14,7,1,122,-1.0,141.0
2026-07-14 10:00:00+00:00,45.18,70.88,0.98,121.04,285.43,1.3,11.03,38.7,27,959.7,4.0,10,14,7,1,125,3.0,141.0
2026-07-14 11:00:00+00:00,47.1,73.68,1.13,120.83,289.15,1.4,11.83,38.9,25,959.4,5.6,11,14,7,1,130,5.0,142.0
2026-07-14 12:00:00+00:00,49.47,77.28,1.38,120.86,293.18,1.5,12.57,38.5,28,959.2,6.5,12,14,7,1,135,5.0,142.0
2026-07-14 13:00:00+00:00,53.51,83.82,2.32,118.2,311.33,1.64,15.0,38.0,30,959.2,6.6,13,14,7,1,145,10.0,144.0
2026-07-14 14:00:00+00:00,58.7,92.19,3.82,111.53,340.27,1.78,18.77,36.9,33,959.6,5.6,14,14,7,1,153,8.0,146.0
2026-07-14 15:00:00+00:00,63.7,100.54,4.65,105.16,364.51,1.85,21.73,35.4,38,960.1,9.3,15,14,7,1,155,2.0,148.0
2026-07-14 16:00:00+00:00,67.6,106.51,5.38,97.19,387.18,1.78,24.42,34.3,40,960.8,6.3,16,14,7,1,157,2.0,148.0
2026-07-14 17:00:00+00:00,71.53,112.32,6.27,89.23,415.98,1.68,27.13,33.2,43,961.5,4.6,17,14,7,1,159,2.0,149.0
2026-07-14 18:00:00+00:00,74.73,117.7,6.95,82.52,439.23,1.59,29.0,32.6,49,961.1,6.1,18,14,7,1,161,2.0,149.0
2026-07-14 19:00:00+00:00,76.68,121.58,7.34,75.94,449.26,1.46,30.68,31.5,54,961.0,8.2,19,14,7,1,162,1.0,147.0
2026-07-14 20:00:00+00:00,78.57,124.88,7.56,69.69,459.25,1.32,33.46,30.8,56,961.4,9.3,20,14,7,1,163,1.0,148.0
2026-07-14 21:00:00+00:00,79.92,127.21,7.7,64.17,468.17,1.22,36.9,30.2,58,961.4,8.9,21,14,7,1,164,1.0,149.0
2026-07-14 22:00:00+00:00,80.42,127.93,7.88,58.98,475.07,1.13,40.47,29.7,58,961.3,7.4,22,14,7,1,164,0.0,150.0
2026-07-14 23:00:00+00:00,81.21,129.13,8.17,53.82,485.77,1.04,43.53,29.5,59,961.5,7.1,23,14,7,1,164,0.0,151.0
2026-07-15 00:00:00+00:00,82.13,131.23,8.57,49.17,497.6,0.99,46.48,29.9,58,961.9,5.2,0,15,7,2,165,1.0,152.0
2026-07-15 01:00:00+00:00,82.44,132.96,9.03,44.92,510.78,0.97,47.99,29.5,60,962.2,3.9,1,15,7,2,165,0.0,152.0
2026-07-15 02:00:00+00:00,83.14,135.99,9.7,41.23,535.58,1.01,45.78,30.4,57,962.8,5.3,2,15,7,2,165,0.0,152.0
2026-07-15 03:00:00+00:00,84.58,141.12,9.78,43.52,566.89,1.16,43.55,31.7,53,963.2,4.9,3,15,7,2,166,1.0,152.0
2026-07-15 04:00:00+00:00,80.22,156.57,3.58,98.76,364.76,3.69,22.03,33.5,48,963.2,1.7,4,15,7,2,164,-2.0,150.0
2026-07-15 05:00:00+00:00,74.47,144.69,2.11,110.1,309.5,3.2,16.21,34.9,45,963.4,1.2,5,15,7,2,161,-3.0,150.0
2026-07-15 06:00:00+00:00,72.2,139.03,1.39,115.85,282.38,2.89,13.61,35.9,42,963.5,4.8,6,15,7,2,160,-1.0,152.0
2026-07-15 07:00:00+00:00,68.75,132.39,0.74,118.69,242.72,2.67,9.44,36.6,39,962.9,3.4,7,15,7,2,158,-2.0,150.0
2026-07-15 08:00:00+00:00,65.28,124.56,0.62,117.19,226.02,2.43,8.15,37.7,35,962.2,1.5,8,15,7,2,156,-2.0,145.0
2026-07-15 09:00:00+00:00,62.45,118.39,0.62,115.33,217.5,2.25,7.68,38.4,34,961.8,3.0,9,15,7,2,155,-1.0,143.0
2026-07-15 10:00:00+00:00,61.54,117.22,0.67,114.97,213.49,2.21,7.74,39.1,33,961.2,5.2,10,15,7,2,154,-1.0,144.0
2026-07-15 11:00:00+00:00,62.05,119.92,0.81,114.1,210.15,2.3,8.24,39.0,33,960.9,7.2,11,15,7,2,154,0.0,145.0
2026-07-15 12:00:00+00:00,62.41,122.61,1.05,112.74,207.46,2.39,8.76,38.2,36,960.8,10.1,12,15,7,2,155,1.0,146.0
2026-07-15 13:00:00+00:00,63.34,124.08,2.38,106.64,222.27,2.42,12.03,37.0,40,960.8,13.1,13,15,7,2,155,0.0,148.0
2026-07-15 14:00:00+00:00,64.88,125.53,4.42,96.73,252.66,2.38,17.09,35.8,45,961.1,11.3,14,15,7,2,156,1.0,151.0
2026-07-15 15:00:00+00:00,66.25,127.42,5.66,88.61,280.23,2.33,21.54,34.5,50,961.8,6.5,15,15,7,2,157,1.0,152.0
2026-07-15 16:00:00+00:00,66.92,128.03,6.48,81.01,303.18,2.17,26.01,33.6,54,962.7,6.1,16,15,7,2,157,0.0,152.0
2026-07-15 17:00:00+00:00,68.03,129.61,7.18,74.46,325.36,1.98,28.84,32.7,57,963.2,5.2,17,15,7,2,157,0.0,152.0
2026-07-15 18:00:00+00:00,68.78,131.21,7.68,69.28,341.2,1.78,30.19,32.4,59,963.1,4.7,18,15,7,2,158,1.0,152.0
2026-07-15 19:00:00+00:00,68.64,131.14,7.99,63.53,348.61,1.52,31.1,31.7,61,963.1,4.9,19,15,7,2,158,0.0,151.0
2026-07-15 20:00:00+00:00,69.05,131.07,8.36,56.46,360.45,1.25,32.96,31.2,60,963.3,6.8,20,15,7,2,158,0.0,150.0
2026-07-15 21:00:00+00:00,69.36,130.87,8.54,50.72,370.35,1.05,34.33,30.8,61,963.4,7.8,21,15,7,2,158,0.0,149.0
2026-07-15 22:00:00+00:00,69.28,130.12,8.63,45.91,377.06,0.9,35.21,30.3,61,963.4,6.8,22,15,7,2,158,0.0,148.0
2026-07-15 23:00:00+00:00,69.6,130.88,8.77,41.98,385.18,0.83,36.97,30.1,62,963.4,5.4,23,15,7,2,158,0.0,148.0
2026-07-16 00:00:00+00:00,70.04,132.91,9.0,39.12,394.41,0.84,39.92,30.4,60,963.7,4.7,0,16,7,3,159,1.0,149.0
2026-07-16 01:00:00+00:00,70.1,134.8,9.23,37.11,402.49,0.91,42.61,30.3,61,964.0,4.8,1,16,7,3,159,0.0,149.0
2026-07-16 02:00:00+00:00,70.51,137.2,9.48,36.37,422.2,1.04,42.08,31.4,56,964.3,5.4,2,16,7,3,159,0.0,150.0
2026-07-16 03:00:00+00:00,71.44,141.39,8.93,42.05,449.52,1.22,39.87,32.9,52,964.5,5.2,3,16,7,3,159,0.0,500.0
2026-07-16 04:00:00+00:00,62.02,143.61,2.19,104.26,240.43,3.8,15.47,34.5,47,964.2,4.6,4,16,7,3,154,-5.0,138.0
2026-07-16 05:00:00+00:00,58.13,133.99,1.09,112.6,205.7,3.35,11.61,36.3,42,964.1,2.3,5,16,7,3,152,-2.0,136.0
2026-07-16 06:00:00+00:00,57.76,131.1,0.8,115.26,197.68,3.09,10.83,37.0,39,964.3,2.8,6,16,7,3,152,0.0,139.0
2026-07-16 07:00:00+00:00,56.27,127.75,0.6,115.67,186.41,3.0,9.22,38.3,35,963.7,5.7,7,16,7,3,151,-1.0,138.0
2026-07-16 08:00:00+00:00,53.98,121.85,0.52,113.56,178.84,2.78,8.41,39.2,33,962.9,5.1,8,16,7,3,147,-4.0,135.0
2026-07-16 09:00:00+00:00,52.07,117.46,0.5,111.52,174.85,2.61,8.08,40.0,31,962.0,5.0,9,16,7,3,142,-5.0,131.0
2026-07-16 10:00:00+00:00,50.99,115.24,0.58,110.64,176.02,2.54,8.46,40.7,29,961.2,7.5,10,16,7,3,139,-3.0,129.0
2026-07-16 11:00:00+00:00,50.65,115.55,0.79,109.78,179.46,2.59,9.61,40.7,28,960.9,9.4,11,16,7,3,138,-1.0,126.0
2026-07-16 12:00:00+00:00,50.94,118.44,1.13,108.78,183.38,2.71,10.87,40.7,29,960.5,9.7,12,16,7,3,139,1.0,121.0
2026-07-16 13:00:00+00:00,52.18,123.12,2.2,105.02,198.82,2.83,13.98,39.6,31,960.3,9.6,13,16,7,3,142,3.0,120.0
2026-07-16 14:00:00+00:00,54.01,128.1,3.81,97.66,223.53,2.9,18.28,37.6,40,960.3,12.1,14,16,7,3,147,5.0,122.0
2026-07-16 15:00:00+00:00,56.01,133.57,4.77,90.95,246.28,2.91,21.79,35.9,48,960.4,11.4,15,16,7,3,151,4.0,124.0
2026-07-16 16:00:00+00:00,57.59,137.11,5.45,84.23,266.45,2.81,24.78,35.0,50,960.7,7.5,16,16,7,3,152,1.0,123.0
2026-07-16 17:00:00+00:00,59.57,140.72,6.24,78.56,291.58,2.7,27.25,34.4,52,961.0,4.8,17,16,7,3,153,1.0,122.0
2026-07-16 18:00:00+00:00,61.33,143.46,6.96,73.51,313.33,2.59,28.8,34.5,54,960.6,1.5,18,16,7,3,154,1.0,119.0
2026-07-16 19:00:00+00:00,62.13,144.42,7.33,68.86,323.07,2.43,29.69,33.7,55,960.3,4.0,19,16,7,3,154,0.0,115.0
2026-07-16 20:00:00+00:00,62.97,145.47,7.36,65.0,329.33,2.29,30.78,33.1,56,960.1,5.1,20,16,7,3,155,1.0,114.0
2026-07-16 21:00:00+00:00,63.5,145.78,7.34,61.16,335.28,2.17,31.93,32.6,55,960.0,4.6,21,16,7,3,155,0.0,114.0
2026-07-16 22:00:00+00:00,63.76,144.75,7.4,56.81,341.69,1.97,32.88,32.1,56,959.9,4.5,22,16,7,3,155,0.0,114.0
2026-07-16 23:00:00+00:00,64.32,144.09,7.63,52.05,351.16,1.69,34.03,31.6,57,960.1,4.1,23,16,7,3,156,1.0,114.0
2026-07-17 00:00:00+00:00,64.93,144.23,8.0,47.52,362.63,1.5,35.2,31.4,59,960.7,3.6,0,17,7,4,156,0.0,114.0
2026-07-17 01:00:00+00:00,65.03,144.47,8.38,43.61,372.45,1.41,35.75,31.1,59,961.2,4.4,1,17,7,4,156,0.0,114.0
2026-07-17 02:00:00+00:00,65.3,147.46,8.78,42.11,390.94,1.61,35.18,32.0,55,961.9,3.3,2,17,7,4,156,0.0,114.0
2026-07-17 03:00:00+00:00,65.57,154.81,7.86,50.07,396.3,2.31,33.02,33.5,50,962.5,3.3,3,17,7,4,156,0.0,113.0
2026-07-17 04:00:00+00:00,56.84,160.38,2.36,94.27,234.63,5.81,16.43,35.4,46,962.7,3.1,4,17,7,4,152,-4.0,106.0
2026-07-17 05:00:00+00:00,54.4,149.09,1.26,105.29,200.78,5.17,12.74,37.3,40,962.5,1.0,5,17,7,4,148,-4.0,102.0
2026-07-17 06:00:00+00:00,54.68,145.38,0.9,109.78,190.19,4.81,11.83,38.0,36,962.8,1.9,6,17,7,4,148,0.0,102.0
2026-07-17 07:00:00+00:00,54.24,143.2,0.68,111.85,178.89,4.64,10.41,39.4,33,962.4,3.6,7,17,7,4,147,-1.0,102.0
2026-07-17 08:00:00+00:00,53.0,139.27,0.57,110.43,169.34,4.31,9.51,40.2,32,961.6,4.3,8,17,7,4,144,-3.0,102.0
2026-07-17 09:00:00+00:00,51.83,135.56,0.53,108.89,163.41,4.03,9.11,40.8,32,960.8,5.9,9,17,7,4,141,-3.0,100.0
2026-07-17 10:00:00+00:00,51.61,134.43,0.6,108.86,162.62,3.92,9.47,40.9,32,960.2,7.7,10,17,7,4,141,0.0,97.0
2026-07-17 11:00:00+00:00,52.06,135.79,0.79,108.62,164.22,4.0,10.69,40.4,33,959.6,9.5,11,17,7,4,142,1.0,95.0
2026-07-17 12:00:00+00:00,52.3,137.21,1.12,108.06,167.04,4.11,11.92,40.3,35,959.1,10.9,12,17,7,4,142,0.0,91.0
2026-07-17 13:00:00+00:00,52.93,138.23,2.13,105.05,180.92,4.18,14.57,39.4,37,958.9,11.1,13,17,7,4,144,2.0,86.0
2026-07-17 14:00:00+00:00,53.78,138.24,3.66,98.91,203.68,4.13,18.2,38.0,42,959.0,12.5,14,17,7,4,146,2.0,82.0
2026-07-17 15:00:00+00:00,54.56,138.23,4.59,92.86,224.34,4.04,21.09,36.6,47,959.2,9.2,15,17,7,4,148,2.0,78.0
2026-07-17 16:00:00+00:00,54.56,136.49,5.03,87.37,237.85,3.83,22.96,35.9,49,960.0,5.1,16,17,7,4,148,0.0,74.0
2026-07-17 17:00:00+00:00,54.8,135.84,5.29,83.85,250.07,3.64,24.05,35.3,51,960.4,3.1,17,17,7,4,149,1.0,72.0
2026-07-17 18:00:00+00:00,54.85,136.08,5.28,82.16,255.97,3.51,24.04,35.7,51,959.6,5.9,18,17,7,4,149,0.0,71.0
2026-07-17 19:00:00+00:00,54.33,135.88,4.94,81.62,253.05,3.51,23.72,35.1,51,959.6,4.7,19,17,7,4,147,-2.0,69.0
2026-07-17 20:00:00+00:00,54.65,134.11,5.2,76.34,262.82,3.24,25.99,34.6,52,959.6,2.8,20,17,7,4,148,1.0,68.0
2026-07-17 21:00:00+00:00,55.08,133.27,5.39,71.29,271.27,2.95,28.16,34.1,53,959.8,1.8,21,17,7,4,149,1.0,67.0
2026-07-17 22:00:00+00:00,55.38,132.25,5.65,65.66,279.42,2.59,30.15,33.3,56,959.8,5.0,22,17,7,4,150,1.0,66.0
2026-07-17 23:00:00+00:00,56.04,132.0,6.1,59.77,291.19,2.21,32.41,32.1,62,960.1,9.1,23,17,7,4,151,1.0,66.0
2026-07-18 00:00:00+00:00,56.69,132.76,6.59,54.55,303.27,1.95,34.87,32.0,62,960.3,8.0,0,18,7,5,152,1.0,66.0
2026-07-18 01:00:00+00:00,56.94,133.64,7.05,50.06,313.06,1.81,36.7,31.9,63,960.8,6.2,1,18,7,5,152,0.0,66.0
2026-07-18 02:00:00+00:00,57.36,136.31,7.46,47.57,329.85,1.85,36.55,32.9,61,961.3,5.4,2,18,7,5,152,0.0,65.0
2026-07-18 03:00:00+00:00,58.12,142.32,6.88,51.75,344.54,2.19,34.86,34.3,56,961.3,5.7,3,18,7,5,152,0.0,64.0
2026-07-18 04:00:00+00:00,55.39,159.08,2.44,91.25,242.07,5.74,20.18,36.0,51,961.3,3.9,4,18,7,5,150,-2.0,62.0
2026-07-18 05:00:00+00:00,55.24,156.82,1.37,103.53,213.81,5.8,16.01,37.8,45,961.2,0.3,5,18,7,5,150,0.0,62.0
2026-07-18 06:00:00+00:00,57.14,156.96,0.96,109.9,202.49,5.7,14.62,38.4,41,961.0,3.2,6,18,7,5,152,2.0,62.0
2026-07-18 07:00:00+00:00,55.31,153.1,0.63,111.77,180.83,5.24,11.62,39.4,38,960.5,5.9,7,18,7,5,150,-2.0,57.0
2026-07-18 08:00:00+00:00,53.18,147.18,0.5,109.6,167.68,4.64,10.14,40.3,34,959.7,4.7,8,18,7,5,145,-5.0,55.0
2026-07-18 09:00:00+00:00,52.5,144.37,0.48,108.13,163.28,4.4,9.89,41.4,32,959.0,3.1,9,18,7,5,143,-2.0,55.0
2026-07-18 10:00:00+00:00,52.79,144.18,0.54,108.24,163.71,4.32,10.27,41.9,31,958.4,6.6,10,18,7,5,144,1.0,56.0
2026-07-18 11:00:00+00:00,53.27,144.62,0.69,107.86,165.41,4.32,11.22,42.0,31,957.8,7.8,11,18,7,5,145,1.0,58.0
2026-07-18 12:00:00+00:00,53.67,145.43,0.94,107.31,167.8,4.36,12.22,42.0,31,957.4,9.1,12,18,7,5,146,1.0,61.0
2026-07-18 13:00:00+00:00,54.68,146.1,1.79,104.35,179.72,4.35,14.84,41.0,33,957.7,10.7,13,18,7,5,148,2.0,65.0
2026-07-18 14:00:00+00:00,55.94,145.71,3.1,98.19,200.04,4.21,18.55,40.2,35,957.7,9.6,14,18,7,5,151,3.0,69.0
2026-07-18 15:00:00+00:00,57.02,145.18,3.93,92.16,218.84,4.0,21.53,38.9,37,958.6,11.6,15,18,7,5,152,1.0,72.0
2026-07-18 16:00:00+00:00,57.14,142.55,4.34,86.78,230.46,3.7,23.46,37.8,38,959.4,9.7,16,18,7,5,152,0.0,73.0
2026-07-18 17:00:00+00:00,57.29,141.52,4.4,84.53,236.59,3.49,24.16,36.9,40,960.2,7.8,17,18,7,5,152,0.0,75.0
2026-07-18 18:00:00+00:00,56.88,141.47,4.06,84.73,234.34,3.39,23.44,37.5,41,959.3,9.4,18,18,7,5,152,0.0,75.0
2026-07-18 19:00:00+00:00,55.66,140.34,3.62,84.37,226.71,3.33,22.37,36.4,44,959.2,8.0,19,18,7,5,151,-1.0,74.0
2026-07-18 20:00:00+00:00,55.24,138.12,3.8,80.3,230.7,3.1,23.99,35.7,48,959.5,2.3,20,18,7,5,150,-1.0,71.0
2026-07-18 21:00:00+00:00,54.88,137.17,3.97,76.27,234.7,2.9,25.79,33.9,56,959.6,12.4,21,18,7,5,149,-1.0,67.0
2026-07-18 22:00:00+00:00,54.56,135.27,4.36,70.62,240.88,2.57,28.3,30.2,72,960.2,10.6,22,18,7,5,148,-1.0,63.0
2026-07-18 23:00:00+00:00,54.75,133.27,5.05,63.46,252.8,2.12,31.44,30.1,74,960.8,9.6,23,18,7,5,148,0.0,60.0
2026-07-19 00:00:00+00:00,55.06,132.47,5.8,56.84,265.67,1.78,34.15,33.7,60,959.8,4.2,0,19,7,6,149,1.0,59.0
2026-07-19 01:00:00+00:00,55.08,132.17,6.48,50.87,277.67,1.59,36.17,32.9,64,960.4,7.5,1,19,7,6,149,0.0,57.0
2026-07-19 02:00:00+00:00,55.24,134.03,7.09,47.08,296.03,1.61,36.8,32.5,68,961.2,7.6,2,19,7,6,150,1.0,56.0
2026-07-19 03:00:00+00:00,55.41,138.68,6.66,50.12,309.84,1.9,36.4,33.1,67,961.7,8.3,3,19,7,6,500,350.0,55.0
2026-07-19 04:00:00+00:00,50.49,151.9,2.88,79.88,220.01,4.72,23.31,34.8,59,961.9,4.8,4,19,7,6,138,-362.0,52.0
2026-07-19 05:00:00+00:00,49.85,151.05,1.61,92.75,190.5,4.68,18.1,36.3,53,961.9,2.8,5,19,7,6,136,-2.0,52.0
2026-07-19 06:00:00+00:00,50.93,151.44,1.02,99.04,174.63,4.5,15.54,36.9,49,962.2,1.8,6,19,7,6,139,3.0,54.0
2026-07-19 07:00:00+00:00,50.38,149.46,0.68,100.91,158.45,4.33,12.54,37.6,47,961.7,6.8,7,19,7,6,138,-1.0,58.0
2026-07-19 08:00:00+00:00,49.13,143.94,0.58,100.27,150.41,4.03,11.29,36.9,49,961.3,4.5,8,19,7,6,135,-3.0,63.0
2026-07-19 09:00:00+00:00,47.83,138.88,0.56,99.54,146.04,3.86,10.82,38.7,44,960.5,5.5,9,19,7,6,131,-4.0,71.0
2026-07-19 10:00:00+00:00,46.91,135.81,0.63,99.47,144.95,3.77,10.91,39.6,42,960.0,6.3,10,19,7,6,129,-2.0,80.0
2026-07-19 11:00:00+00:00,45.67,131.51,0.82,98.84,146.48,3.7,11.63,39.8,40,959.4,8.0,11,19,7,6,126,-3.0,87.0
2026-07-19 12:00:00+00:00,43.82,125.94,1.11,97.74,148.76,3.62,12.4,39.8,39,959.0,9.5,12,19,7,6,121,-5.0,91.0
2026-07-19 13:00:00+00:00,43.25,123.16,1.87,95.01,158.45,3.59,14.23,38.4,42,958.9,10.8,13,19,7,6,120,-1.0,95.0
2026-07-19 14:00:00+00:00,43.98,122.87,2.89,90.52,173.9,3.59,16.8,37.1,47,959.3,11.8,14,19,7,6,122,2.0,100.0
2026-07-19 15:00:00+00:00,44.67,122.42,3.49,86.72,187.89,3.54,18.96,34.8,57,959.8,11.7,15,19,7,6,124,2.0,104.0
2026-07-19 16:00:00+00:00,44.43,119.91,3.73,83.3,195.72,3.4,20.28,34.2,61,960.5,8.3,16,19,7,6,123,-1.0,103.0
2026-07-19 17:00:00+00:00,43.94,118.24,3.74,82.19,199.22,3.36,20.5,33.9,62,961.3,7.7,17,19,7,6,122,-1.0,101.0
2026-07-19 18:00:00+00:00,42.85,117.25,3.43,82.95,193.93,3.47,19.22,34.7,60,959.7,4.2,18,19,7,6,119,-3.0,95.0
2026-07-19 19:00:00+00:00,41.19,116.08,2.89,83.76,181.69,3.6,17.42,32.9,70,959.7,10.1,19,19,7,6,115,-4.0,89.0
2026-07-19 20:00:00+00:00,40.91,115.1,3.16,80.27,186.42,3.48,19.16,28.2,88,961.4,15.5,20,19,7,6,114,-1.0,86.0
2026-07-19 21:00:00+00:00,40.74,115.19,3.45,76.14,192.41,3.37,21.04,28.5,88,961.3,5.7,21,19,7,6,114,0.0,82.0
2026-07-19 22:00:00+00:00,40.61,113.99,3.89,70.34,199.99,3.03,23.4,28.0,91,961.5,9.8,22,19,7,6,114,0.0,78.0
2026-07-19 23:00:00+00:00,40.81,112.69,4.49,63.55,211.49,2.54,26.42,28.2,88,961.7,4.9,23,19,7,6,114,0.0,75.0
2026-07-20 00:00:00+00:00,40.97,112.16,5.07,57.56,222.79,2.15,29.26,30.4,76,960.1,2.6,0,20,7,0,114,0.0,74.0
2026-07-20 01:00:00+00:00,40.76,111.28,5.68,52.29,234.53,1.89,31.19,28.8,87,960.7,9.4,1,20,7,0,114,0.0,71.0
2026-07-20 02:00:00+00:00,40.6,111.14,6.42,48.29,253.46,1.85,31.38,26.3,95,961.5,10.7,2,20,7,0,114,0.0,68.0
2026-07-20 03:00:00+00:00,40.5,113.92,6.33,49.96,266.24,2.08,30.5,26.7,92,961.8,7.6,3,20,7,0,113,-1.0,68.0
2026-07-20 04:00:00+00:00,37.43,121.81,2.54,72.79,182.72,3.48,17.66,28.4,82,962.3,5.5,4,20,7,0,106,-7.0,64.0
2026-07-20 05:00:00+00:00,35.91,112.82,1.72,81.12,166.87,3.25,14.22,31.0,72,962.2,2.9,5,20,7,0,102,-4.0,65.0
2026-07-20 06:00:00+00:00,35.72,105.69,1.47,85.92,164.63,3.04,13.45,32.1,66,962.3,6.7,6,20,7,0,102,0.0,69.0
2026-07-20 07:00:00+00:00,35.97,99.0,1.39,89.64,166.03,2.96,12.9,32.4,67,961.6,3.2,7,20,7,0,102,0.0,70.0
2026-07-20 08:00:00+00:00,36.01,91.6,1.32,92.07,167.11,2.85,12.21,33.2,66,961.7,6.7,8,20,7,0,102,0.0,71.0
2026-07-20 09:00:00+00:00,35.24,83.59,1.3,93.46,168.18,2.7,11.48,34.2,62,960.6,5.2,9,20,7,0,100,-2.0,72.0
2026-07-20 10:00:00+00:00,34.17,75.74,1.37,94.72,171.11,2.6,11.26,32.2,70,960.7,6.9,10,20,7,0,97,-3.0,74.0
2026-07-20 11:00:00+00:00,32.82,68.78,1.6,95.05,176.62,2.49,11.99,32.1,69,960.5,1.1,11,20,7,0,95,-2.0,76.0
2026-07-20 12:00:00+00:00,30.97,62.35,1.99,94.41,183.28,2.36,13.01,34.1,61,959.8,8.3,12,20,7,0,91,-4.0,77.0
2026-07-20 13:00:00+00:00,28.87,56.45,2.52,91.86,190.23,2.15,13.96,34.0,61,960.0,11.1,13,20,7,0,86,-5.0,79.0
2026-07-20 14:00:00+00:00,26.99,51.42,3.0,88.87,198.78,1.99,14.35,33.1,64,960.4,10.4,14,20,7,0,82,-4.0,82.0
2026-07-20 15:00:00+00:00,25.14,46.74,3.06,86.7,204.78,1.87,14.37,29.6,81,960.9,11.7,15,20,7,0,78,-4.0,85.0
2026-07-20 16:00:00+00:00,23.08,41.22,3.15,83.46,213.2,1.88,14.63,28.0,93,962.0,10.7,16,20,7,0,74,-4.0,85.0
2026-07-20 17:00:00+00:00,22.07,37.09,3.59,78.83,233.13,1.95,15.16,26.2,95,963.7,9.3,17,20,7,0,72,-2.0,84.0
2026-07-20 18:00:00+00:00,21.63,34.48,4.02,74.13,252.94,2.0,13.12,28.9,89,961.7,6.1,18,20,7,0,71,-1.0,82.0
2026-07-20 19:00:00+00:00,20.86,31.85,4.25,68.8,263.67,2.07,12.07,27.7,91,961.7,9.8,19,20,7,0,69,-2.0,81.0
2026-07-20 20:00:00+00:00,20.36,30.45,4.39,65.92,275.42,2.16,13.72,26.7,92,962.0,12.7,20,20,7,0,68,-1.0,81.0
2026-07-20 21:00:00+00:00,19.93,29.52,4.47,63.93,288.01,2.16,15.56,26.1,93,962.0,10.3,21,20,7,0,67,-1.0,81.0
2026-07-20 22:00:00+00:00,19.25,28.42,4.55,61.47,299.56,2.0,17.01,25.9,93,961.5,10.4,22,20,7,0,66,-1.0,81.0
2026-07-20 23:00:00+00:00,19.11,28.24,4.76,58.18,315.25,1.81,18.32,26.1,92,961.4,7.7,23,20,7,0,66,0.0,81.0
2026-07-21 00:00:00+00:00,19.2,28.31,4.98,54.6,330.5,1.64,19.07,26.0,97,961.9,5.1,0,21,7,1,66,0.0,79.0
2026-07-21 01:00:00+00:00,19.19,28.04,5.06,50.81,344.77,1.41,16.46,25.9,97,962.3,4.0,1,21,7,1,66,0.0,75.0
2026-07-21 02:00:00+00:00,18.86,27.28,5.19,47.79,364.38,1.2,11.62,25.9,96,962.7,2.7,2,21,7,1,65,-1.0,71.0
2026-07-21 03:00:00+00:00,18.1,25.81,5.37,46.54,385.74,1.1,8.52,25.9,96,963.0,0.7,3,21,7,1,64,-1.0,69.0
2026-07-21 04:00:00+00:00,17.26,24.28,5.2,47.46,401.56,1.02,6.67,26.6,91,962.8,4.4,4,21,7,1,62,-2.0,55.0
2026-07-21 05:00:00+00:00,17.23,24.25,5.49,45.59,426.12,0.97,6.62,27.9,84,962.9,4.3,5,21,7,1,62,0.0,52.0
2026-07-21 06:00:00+00:00,17.3,24.38,5.88,43.79,448.51,0.95,6.82,27.2,84,963.6,9.0,6,21,7,1,62,0.0,54.0
2026-07-21 07:00:00+00:00,15.17,21.39,5.56,47.49,427.33,0.83,5.81,27.7,82,963.4,7.8,7,21,7,1,57,-5.0,53.0
2026-07-21 08:00:00+00:00,13.91,19.44,5.41,48.88,409.94,0.79,5.25,29.1,76,963.2,8.9,8,21,7,1,55,-2.0,53.0
2026-07-21 09:00:00+00:00,14.21,19.35,5.65,48.03,417.05,0.81,5.05,28.2,81,962.9,12.5,9,21,7,1,55,0.0,54.0
2026-07-21 10:00:00+00:00,14.68,19.04,5.95,48.24,426.38,0.83,4.94,28.0,80,963.1,12.0,10,21,7,1,56,1.0,55.0
2026-07-21 11:00:00+00:00,15.48,19.57,6.3,48.56,436.75,0.82,5.45,28.2,80,962.7,8.3,11,21,7,1,58,2.0,55.0
2026-07-21 12:00:00+00:00,16.86,21.14,6.7,50.03,449.68,0.84,6.06,29.0,71,962.8,7.7,12,21,7,1,61,3.0,55.0
2026-07-21 13:00:00+00:00,18.69,23.34,7.15,51.54,467.23,0.9,6.78,29.1,71,962.7,5.4,13,21,7,1,65,4.0,57.0
2026-07-21 14:00:00+00:00,20.47,25.69,7.6,52.07,491.3,0.97,7.26,28.1,79,963.6,8.4,14,21,7,1,69,4.0,62.0
2026-07-21 15:00:00+00:00,21.88,27.58,7.63,51.93,514.33,1.01,7.04,27.2,81,964.1,8.6,15,21,7,1,72,3.0,66.0
2026-07-21 16:00:00+00:00,22.79,28.81,7.41,50.94,530.65,0.99,7.16,26.3,86,964.7,6.9,16,21,7,1,73,1.0,70.0
2026-07-21 17:00:00+00:00,23.53,29.98,7.32,49.89,551.13,0.99,8.21,25.7,91,965.1,7.8,17,21,7,1,75,2.0,74.0
2026-07-21 18:00:00+00:00,23.59,30.31,7.17,48.53,563.41,1.01,9.54,25.7,94,964.8,8.0,18,21,7,1,75,0.0,78.0
2026-07-21 19:00:00+00:00,22.88,29.71,6.82,47.35,562.26,0.99,10.26,25.6,93,964.5,7.1,19,21,7,1,74,-1.0,79.0
2026-07-21 20:00:00+00:00,21.7,28.54,6.3,46.8,553.44,0.91,9.23,25.5,94,964.0,6.2,20,21,7,1,71,-3.0,80.0
2026-07-21 21:00:00+00:00,19.92,26.61,5.69,47.07,539.95,0.84,7.96,25.3,95,963.6,5.7,21,21,7,1,67,-4.0,82.0
2026-07-21 22:00:00+00:00,17.66,23.96,5.13,47.98,523.56,0.83,7.09,25.3,95,963.6,4.8,22,21,7,1,63,-4.0,84.0
2026-07-21 23:00:00+00:00,16.53,22.71,5.01,46.81,514.92,0.84,7.17,25.2,95,963.9,3.8,23,21,7,1,60,-3.0,86.0
2026-07-22 00:00:00+00:00,15.77,22.14,5.06,45.22,510.5,0.86,7.45,25.2,93,963.4,2.3,0,22,7,2,59,-1.0,88.0
2026-07-22 01:00:00+00:00,15.1,21.86,5.16,43.6,506.73,0.86,7.62,24.9,95,963.8,5.4,1,22,7,2,57,-2.0,89.0
2026-07-22 02:00:00+00:00,14.57,21.79,5.38,42.41,507.86,0.89,7.64,25.4,92,963.9,4.0,2,22,7,2,56,-1.0,90.0
2026-07-22 03:00:00+00:00,14.17,21.7,5.53,43.01,508.98,0.95,7.55,25.9,88,964.1,2.9,3,22,7,2,55,-1.0,93.0
2026-07-22 04:00:00+00:00,12.57,20.27,4.85,48.52,494.85,0.88,6.59,26.5,84,964.1,1.8,4,22,7,2,52,-3.0,73.0
2026-07-22 05:00:00+00:00,12.49,20.81,4.45,52.61,488.85,0.91,6.84,28.5,74,964.2,1.3,5,22,7,2,52,0.0,66.0
2026-07-22 06:00:00+00:00,13.72,22.75,4.07,57.58,488.83,1.02,7.42,28.2,73,964.7,5.6,6,22,7,2,54,2.0,63.0
2026-07-22 07:00:00+00:00,15.44,23.6,3.41,66.45,497.5,1.09,7.2,28.6,73,964.1,5.1,7,22,7,2,58,4.0,59.0
2026-07-22 08:00:00+00:00,17.96,25.15,2.71,76.96,501.16,1.09,6.69,29.6,69,963.1,4.7,8,22,7,2,63,5.0,57.0
2026-07-22 09:00:00+00:00,21.76,28.87,2.26,87.7,505.66,1.16,6.48,30.1,66,962.5,4.0,9,22,7,2,71,8.0,55.0
2026-07-22 10:00:00+00:00,26.09,33.49,2.23,96.69,518.77,1.18,7.33,30.6,65,962.2,5.5,10,22,7,2,80,9.0,55.0
2026-07-22 11:00:00+00:00,29.21,36.97,2.53,100.18,532.26,1.14,8.93,31.2,63,961.8,5.7,11,22,7,2,87,7.0,54.0
2026-07-22 12:00:00+00:00,31.2,39.17,2.97,101.94,548.37,1.19,10.46,30.7,63,962.3,9.3,12,22,7,2,91,4.0,52.0
2026-07-22 13:00:00+00:00,33.22,41.45,4.17,100.4,576.8,1.36,13.6,29.5,71,962.4,7.4,13,22,7,2,95,4.0,500.0
2026-07-22 14:00:00+00:00,35.35,44.14,5.61,95.07,612.54,1.56,16.85,27.8,82,962.8,10.8,14,22,7,2,100,5.0,51.0
2026-07-22 15:00:00+00:00,36.59,45.98,6.41,89.74,642.21,1.72,18.07,27.2,85,963.8,10.0,15,22,7,2,104,4.0,52.0
2026-07-22 16:00:00+00:00,36.44,46.18,6.47,83.76,647.9,1.67,17.72,25.9,83,964.9,11.4,16,22,7,2,103,-1.0,53.0
2026-07-22 17:00:00+00:00,35.52,45.39,6.03,79.82,648.9,1.46,14.34,25.1,87,965.2,8.7,17,22,7,2,101,-2.0,54.0
2026-07-22 18:00:00+00:00,33.22,42.78,5.28,77.86,637.92,1.31,10.7,26.7,86,964.1,4.3,18,22,7,2,95,-6.0,57.0
2026-07-22 19:00:00+00:00,30.37,39.86,4.34,78.02,617.78,1.19,8.56,26.0,88,964.0,5.2,19,22,7,2,89,-6.0,58.0
2026-07-22 20:00:00+00:00,28.51,38.49,3.94,75.88,610.7,1.07,8.3,25.5,89,963.6,5.5,20,22,7,2,86,-3.0,60.0
2026-07-22 21:00:00+00:00,26.72,37.22,3.65,74.15,608.06,1.01,8.36,24.8,92,963.5,5.7,21,22,7,2,82,-4.0,62.0
2026-07-22 22:00:00+00:00,24.81,35.36,3.46,73.4,608.98,1.01,8.18,24.0,93,963.2,8.4,22,22,7,2,78,-4.0,64.0
2026-07-22 23:00:00+00:00,23.59,33.74,3.47,71.7,613.02,1.01,8.07,23.5,92,963.2,8.0,23,22,7,2,75,-3.0,64.0
2026-07-23 00:00:00+00:00,22.82,32.47,3.54,69.99,619.3,1.01,8.24,25.0,97,963.1,2.4,0,23,7,3,74,-1.0,64.0
2026-07-23 01:00:00+00:00,21.64,31.5,3.51,68.58,613.68,0.95,8.48,24.8,97,963.1,3.9,1,23,7,3,71,-3.0,63.0
2026-07-23 02:00:00+00:00,20.38,31.37,3.57,68.15,606.67,0.94,8.24,25.4,93,963.1,3.8,2,23,7,3,68,-3.0,62.0
2026-07-23 03:00:00+00:00,20.08,32.13,3.3,72.52,595.45,1.02,8.19,26.9,85,963.4,2.0,3,23,7,3,68,0.0,64.0
2026-07-23 04:00:00+00:00,18.21,29.09,2.21,89.88,553.44,1.23,6.33,28.4,78,963.5,1.1,4,23,7,3,64,-4.0,55.0
2026-07-23 05:00:00+00:00,18.73,28.44,1.59,104.09,520.31,1.26,5.61,29.8,71,963.1,2.5,5,23,7,3,65,1.0,47.0
2026-07-23 06:00:00+00:00,20.82,29.93,1.26,114.18,496.44,1.28,5.45,29.8,62,964.0,1.8,6,23,7,3,69,4.0,46.0
2026-07-23 07:00:00+00:00,21.32,28.81,1.08,122.0,482.59,1.09,4.8,30.1,64,963.4,3.6,7,23,7,3,70,1.0,42.0
2026-07-23 08:00:00+00:00,21.6,27.98,1.03,125.63,470.65,0.95,4.44,30.7,63,962.8,0.9,8,23,7,3,71,1.0,36.0
2026-07-23 09:00:00+00:00,22.23,28.35,1.05,128.25,461.07,0.92,4.54,31.2,63,962.3,4.3,9,23,7,3,72,1.0,33.0
2026-07-23 10:00:00+00:00,23.24,29.45,1.25,130.39,462.94,0.91,6.02,30.1,69,962.3,2.1,10,23,7,3,74,2.0,32.0
2026-07-23 11:00:00+00:00,24.15,30.65,1.53,131.27,465.26,0.91,8.31,29.3,74,961.6,8.7,11,23,7,3,76,2.0,34.0
2026-07-23 12:00:00+00:00,24.55,31.41,1.94,132.01,466.93,0.96,10.65,30.0,69,961.7,5.4,12,23,7,3,77,1.0,37.0
2026-07-23 13:00:00+00:00,25.45,33.22,2.85,130.82,476.7,1.02,14.23,29.0,73,961.6,6.1,13,23,7,3,79,2.0,43.0
2026-07-23 14:00:00+00:00,26.99,36.11,3.76,127.16,491.89,1.06,16.62,28.0,80,962.1,2.7,14,23,7,3,82,3.0,500.0
2026-07-23 15:00:00+00:00,28.24,38.41,3.88,125.76,503.61,1.1,15.48,25.8,90,963.3,9.7,15,23,7,3,85,3.0,54.0
2026-07-23 16:00:00+00:00,28.25,38.69,3.62,122.37,496.16,1.09,12.81,25.5,95,964.1,6.4,16,23,7,3,85,0.0,57.0
2026-07-23 17:00:00+00:00,27.96,38.75,3.45,119.61,496.66,1.04,10.63,25.3,95,964.3,4.1,17,23,7,3,84,-1.0,61.0
2026-07-23 18:00:00+00:00,27.02,37.93,3.25,115.82,495.26,0.95,9.03,26.4,97,963.4,1.2,18,23,7,3,82,-2.0,63.0
2026-07-23 19:00:00+00:00,26.27,37.7,3.27,109.48,493.95,0.78,8.52,26.0,99,963.3,1.8,19,23,7,3,81,-1.0,65.0
2026-07-23 20:00:00+00:00,26.34,38.71,3.59,100.17,501.32,0.64,8.94,24.5,91,963.6,12.1,20,23,7,3,81,0.0,67.0
2026-07-23 21:00:00+00:00,26.46,39.67,3.8,91.1,507.56,0.55,9.47,23.2,96,964.0,3.2,21,23,7,3,81,0.0,69.0
2026-07-23 22:00:00+00:00,26.41,40.02,3.95,83.52,514.47,0.54,9.77,23.2,97,964.3,1.3,22,23,7,3,81,0.0,70.0
2026-07-23 23:00:00+00:00,26.13,39.69,4.02,78.38,521.71,0.56,9.66,23.4,98,964.2,7.0,23,23,7,3,81,0.0,72.0
2026-07-24 00:00:00+00:00,25.49,38.51,3.98,76.58,526.28,0.58,9.76,24.1,96,963.2,3.5,0,24,7,4,79,-2.0,74.0
2026-07-24 01:00:00+00:00,23.4,36.11,3.48,82.2,514.19,0.63,9.45,24.1,96,963.6,4.8,1,24,7,4,75,-4.0,76.0
2026-07-24 02:00:00+00:00,21.66,34.66,3.4,83.62,508.82,0.68,9.59,25.1,92,964.0,3.9,2,24,7,4,71,-4.0,77.0
2026-07-24 03:00:00+00:00,20.45,34.0,3.19,86.66,502.13,0.81,10.18,26.5,83,964.6,1.6,3,24,7,4,69,-2.0,80.0
2026-07-24 04:00:00+00:00,13.94,25.55,1.6,100.83,386.65,0.91,6.13,28.1,73,964.5,2.8,4,24,7,4,55,-14.0,62.0
2026-07-24 05:00:00+00:00,12.79,23.38,1.12,104.04,341.86,1.01,5.73,29.4,65,964.6,3.8,5,24,7,4,52,-3.0,56.0
2026-07-24 06:00:00+00:00,13.64,23.99,0.91,107.58,322.93,1.15,5.85,29.7,62,965.0,4.4,6,24,7,4,54,2.0,56.0
2026-07-24 07:00:00+00:00,13.09,21.67,0.75,108.44,295.83,1.2,5.04,30.9,58,964.3,3.6,7,24,7,4,53,-1.0,58.0
2026-07-24 08:00:00+00:00,12.89,20.2,0.68,107.38,278.5,1.09,4.69,31.6,57,963.8,1.7,8,24,7,4,53,0.0,60.0
2026-07-24 09:00:00+00:00,13.63,20.72,0.69,108.15,274.77,1.08,4.86,32.0,56,962.8,2.7,9,24,7,4,54,1.0,62.0
2026-07-24 10:00:00+00:00,14.19,21.26,0.74,109.88,275.82,1.08,5.08,32.2,55,961.8,2.3,10,24,7,4,55,1.0,64.0
2026-07-24 11:00:00+00:00,14.17,21.19,0.81,110.62,276.88,1.07,5.25,32.1,54,961.1,3.0,11,24,7,4,55,0.0,66.0
2026-07-24 12:00:00+00:00,14.09,21.16,0.97,111.5,279.55,1.07,5.53,32.4,53,960.8,4.5,12,24,7,4,55,0.0,69.0
2026-07-24 13:00:00+00:00,15.19,23.04,2.86,104.32,311.93,1.08,10.19,31.5,59,960.5,3.1,13,24,7,4,57,2.0,72.0
2026-07-24 14:00:00+00:00,17.25,26.56,5.93,90.75,363.93,1.13,17.25,30.1,75,960.7,1.0,14,24,7,4,62,5.0,76.0
2026-07-24 15:00:00+00:00,19.25,30.19,7.83,79.8,410.42,1.17,22.93,28.9,81,961.0,4.0,15,24,7,4,66,4.0,81.0
2026-07-24 16:00:00+00:00,21.2,33.7,8.84,71.63,443.98,1.17,27.76,28.1,82,962.0,6.1,16,24,7,4,70,4.0,84.0
2026-07-24 17:00:00+00:00,23.21,37.27,9.49,64.2,473.94,1.14,31.36,27.5,82,962.3,4.0,17,24,7,4,74,4.0,87.0
2026-07-24 18:00:00+00:00,24.75,40.23,9.97,57.32,496.58,1.07,33.8,27.8,79,961.9,4.1,18,24,7,4,78,4.0,90.0
2026-07-24 19:00:00+00:00,25.38,42.02,10.04,51.63,501.12,0.95,35.36,27.1,81,962.1,4.1,19,24,7,4,79,1.0,91.0
2026-07-24 20:00:00+00:00,25.97,43.87,9.86,47.69,503.55,0.87,37.98,26.6,83,962.0,4.2,20,24,7,4,80,1.0,93.0
2026-07-24 21:00:00+00:00,26.83,46.0,9.68,44.85,507.09,0.84,41.5,26.1,86,962.0,3.2,21,24,7,4,82,2.0,95.0
2026-07-24 22:00:00+00:00,27.68,47.94,9.5,42.44,510.84,0.83,44.63,25.9,89,961.9,2.1,22,24,7,4,84,2.0,97.0
2026-07-24 23:00:00+00:00,28.55,49.73,9.39,39.63,514.6,0.8,45.73,25.5,92,962.3,3.0,23,24,7,4,86,2.0,98.0
2026-07-25 00:00:00+00:00,29.51,51.51,9.39,37.03,519.69,0.75,44.74,25.7,91,962.6,1.9,0,25,7,5,88,2.0,101.0
2026-07-25 01:00:00+00:00,30.16,52.68,9.39,34.53,525.3,0.71,42.57,25.6,92,962.7,3.1,1,25,7,5,89,1.0,102.0
2026-07-25 02:00:00+00:00,30.73,54.2,9.35,33.17,542.2,0.73,40.61,27.0,88,963.3,2.9,2,25,7,5,90,1.0,104.0
2026-07-25 03:00:00+00:00,31.91,57.04,8.94,37.43,562.14,0.8,37.58,28.6,78,963.8,1.7,3,25,7,5,93,3.0,107.0
2026-07-25 04:00:00+00:00,22.71,46.05,2.33,101.88,343.95,1.92,12.04,29.7,73,964.3,1.0,4,25,7,5,73,-20.0,105.0
2026-07-25 05:00:00+00:00,19.11,35.17,1.46,107.73,305.13,1.66,8.29,30.8,69,964.5,1.9,5,25,7,5,66,-7.0,102.0
2026-07-25 06:00:00+00:00,17.59,30.32,1.3,106.58,290.1,1.52,7.36,32.3,62,963.9,6.2,6,25,7,5,63,-3.0,102.0
2026-07-25 07:00:00+00:00,16.13,26.52,1.19,104.95,279.45,1.41,6.64,33.1,59,963.9,6.0,7,25,7,5,59,-4.0,100.0
2026-07-25 08:00:00+00:00,14.78,23.21,1.07,104.01,272.74,1.25,6.04,32.9,57,963.9,10.8,8,25,7,5,57,-2.0,98.0
2026-07-25 09:00:00+00:00,14.12,21.08,0.99,104.49,271.95,1.09,5.52,32.7,57,963.7,4.3,9,25,7,5,55,-2.0,98.0
2026-07-25 10:00:00+00:00,13.89,19.83,0.97,106.86,277.12,0.98,5.19,33.1,56,963.3,4.0,10,25,7,5,55,0.0,102.0
2026-07-25 11:00:00+00:00,13.53,18.84,1.02,109.29,284.01,0.91,5.01,33.0,55,963.1,5.8,11,25,7,5,54,-1.0,108.0
2026-07-25 12:00:00+00:00,12.66,17.49,1.14,111.87,292.21,0.83,4.82,29.8,71,963.3,1.5,12,25,7,5,52,-2.0,115.0
2026-07-25 13:00:00+00:00,12.07,17.04,1.67,112.13,307.15,0.79,5.82,29.2,74,963.5,6.9,13,25,7,5,500,448.0,122.0
2026-07-25 14:00:00+00:00,12.22,18.05,2.43,109.35,325.2,0.81,7.97,28.4,81,964.0,4.7,14,25,7,5,51,-449.0,129.0
2026-07-25 15:00:00+00:00,12.44,19.28,2.84,106.41,340.27,0.84,9.95,28.0,85,964.2,3.3,15,25,7,5,52,1.0,134.0
2026-07-25 16:00:00+00:00,12.85,20.78,3.43,99.61,357.24,0.81,13.1,27.8,87,964.9,2.4,16,25,7,5,53,1.0,136.0
2026-07-25 17:00:00+00:00,13.73,22.98,4.27,91.52,381.7,0.8,16.79,27.7,88,965.5,3.0,17,25,7,5,54,1.0,138.0
2026-07-25 18:00:00+00:00,14.74,25.31,5.02,84.5,404.04,0.8,19.41,27.8,86,965.1,5.3,18,25,7,5,57,3.0,140.0
2026-07-25 19:00:00+00:00,15.57,27.04,5.53,78.69,418.25,0.79,21.17,27.2,86,965.1,5.4,19,25,7,5,58,1.0,136.0
2026-07-25 20:00:00+00:00,16.59,28.72,5.7,74.26,429.38,0.78,22.65,26.8,87,964.9,3.0,20,25,7,5,60,2.0,136.0
2026-07-25 21:00:00+00:00,17.52,30.11,5.63,71.02,438.0,0.77,24.46,26.6,89,964.7,2.2,21,25,7,5,62,2.0,136.0
2026-07-25 22:00:00+00:00,18.08,30.98,5.34,68.37,437.57,0.73,25.41,26.2,91,964.8,2.0,22,25,7,5,64,2.0,136.0
2026-07-25 23:00:00+00:00,18.37,31.75,5.01,65.79,437.5,0.66,22.69,26.1,93,965.0,1.9,23,25,7,5,64,0.0,137.0
2026-07-26 00:00:00+00:00,18.49,32.47,4.58,64.53,436.55,0.6,18.5,25.2,96,965.1,4.4,0,26,7,6,64,0.0,139.0
2026-07-26 01:00:00+00:00,17.66,32.37,3.92,65.82,431.13,0.59,13.83,25.1,97,965.5,3.4,1,26,7,6,63,-1.0,137.0
2026-07-26 02:00:00+00:00,17.44,32.68,3.81,65.49,435.25,0.63,12.88,25.9,93,965.6,2.1,2,26,7,6,62,-1.0,135.0
2026-07-26 03:00:00+00:00,18.42,34.12,3.53,68.77,442.02,0.72,13.1,27.3,86,965.8,1.3,3,26,7,6,64,2.0,134.0
2026-07-26 04:00:00+00:00,13.9,25.27,1.68,91.95,377.43,0.71,6.84,28.8,77,966.2,1.5,4,26,7,6,55,-9.0,131.0
2026-07-26 05:00:00+00:00,11.33,19.25,1.04,97.8,337.63,0.63,4.75,29.4,75,966.2,1.1,5,26,7,6,47,-8.0,130.0
2026-07-26 06:00:00+00:00,11.13,17.85,0.76,100.1,314.78,0.59,4.11,30.4,71,966.4,4.3,6,26,7,6,46,-1.0,131.0
2026-07-26 07:00:00+00:00,10.01,15.5,0.61,99.67,291.4,0.5,3.52,31.0,68,966.1,4.6,7,26,7,6,42,-4.0,117.0
2026-07-26 08:00:00+00:00,8.74,13.45,0.6,97.26,274.92,0.44,3.33,31.6,65,965.7,4.9,8,26,7,6,36,-6.0,106.0
2026-07-26 09:00:00+00:00,7.95,12.36,0.68,95.62,268.99,0.44,3.44,32.1,63,964.6,4.1,9,26,7,6,33,-3.0,105.0
2026-07-26 10:00:00+00:00,7.65,12.18,0.92,94.38,271.96,0.47,4.96,32.4,63,963.7,3.6,10,26,7,6,32,-1.0,106.0
2026-07-26 11:00:00+00:00,8.16,13.18,1.16,93.76,276.85,0.52,7.31,32.6,62,962.8,1.4,11,26,7,6,34,2.0,108.0
2026-07-26 12:00:00+00:00,8.93,14.58,1.39,95.03,283.14,0.58,9.6,32.1,60,962.6,1.1,12,26,7,6,37,3.0,108.0
2026-07-26 13:00:00+00:00,10.37,17.22,2.48,93.13,303.86,0.66,15.5,31.6,63,962.1,2.0,13,26,7,6,43,6.0,109.0
2026-07-26 14:00:00+00:00,12.09,20.51,4.29,85.68,334.94,0.74,22.46,30.5,73,961.7,1.2,14,26,7,6,500,457.0,110.0
2026-07-26 15:00:00+00:00,13.62,23.61,5.51,77.81,363.46,0.82,27.57,29.3,76,961.8,3.8,15,26,7,6,54,-446.0,112.0
2026-07-26 16:00:00+00:00,15.14,26.37,6.53,69.25,391.72,0.85,31.99,28.6,77,962.1,5.3,16,26,7,6,57,3.0,112.0
2026-07-26 17:00:00+00:00,16.73,29.19,7.55,61.47,422.37,0.84,34.83,28.0,80,962.3,3.8,17,26,7,6,61,4.0,112.0
2026-07-26 18:00:00+00:00,18.01,31.8,8.29,55.29,447.19,0.79,35.62,28.0,81,961.2,3.8,18,26,7,6,63,2.0,112.0
2026-07-26 19:00:00+00:00,18.81,33.91,8.64,50.77,459.52,0.7,34.81,27.6,84,961.1,2.0,19,26,7,6,65,2.0,112.0
2026-07-26 20:00:00+00:00,19.66,36.12,8.77,46.82,470.52,0.64,33.83,27.3,87,961.0,2.1,20,26,7,6,67,2.0,112.0
2026-07-26 21:00:00+00:00,20.59,38.39,8.79,43.2,481.31,0.61,32.64,27.1,88,960.8,1.3,21,26,7,6,69,2.0,113.0
2026-07-26 22:00:00+00:00,21.35,40.3,8.87,39.38,490.25,0.58,32.05,26.7,90,960.9,0.0,22,26,7,6,70,1.0,113.0
2026-07-26 23:00:00+00:00,22.17,42.26,9.1,35.71,501.29,0.57,33.34,26.2,93,960.9,1.3,23,26,7,6,72,2.0,114.0
2026-07-27 00:00:00+00:00,23.13,44.53,9.45,32.89,513.22,0.62,36.69,26.5,93,960.8,1.5,0,27,7,0,74,2.0,114.0
2026-07-27 01:00:00+00:00,23.91,46.69,9.75,30.48,523.46,0.68,39.93,26.7,89,960.9,3.2,1,27,7,0,76,2.0,112.0
2026-07-27 02:00:00+00:00,24.41,48.79,9.16,29.59,544.29,0.72,37.99,28.0,82,961.2,4.1,2,27,7,0,77,1.0,111.0
2026-07-27 03:00:00+00:00,26.01,52.54,7.74,37.15,567.23,0.79,35.28,29.9,71,961.5,3.3,3,27,7,0,80,3.0,111.0
2026-07-27 04:00:00+00:00,17.21,41.47,1.6,96.91,343.41,2.09,9.12,31.2,66,961.1,1.5,4,27,7,0,62,-18.0,112.0
2026-07-27 05:00:00+00:00,14.64,31.93,0.82,103.24,310.48,1.66,6.53,32.5,61,961.0,0.7,5,27,7,0,56,-6.0,116.0
2026-07-27 06:00:00+00:00,14.71,30.13,0.66,105.29,303.18,1.5,6.27,33.7,57,960.9,3.4,6,27,7,0,56,0.0,123.0
2026-07-27 07:00:00+00:00,15.55,30.36,0.61,107.45,303.29,1.44,6.3,34.3,55,960.5,3.8,7,27,7,0,58,2.0,128.0
2026-07-27 08:00:00+00:00,16.41,30.98,0.6,107.99,302.66,1.42,6.37,34.8,53,959.5,4.1,8,27,7,0,60,2.0,131.0
2026-07-27 09:00:00+00:00,17.15,31.72,0.61,108.33,301.17,1.42,6.51,35.2,50,958.6,3.5,9,27,7,0,62,2.0,135.0
2026-07-27 10:00:00+00:00,18.14,33.26,0.72,109.86,304.12,1.45,7.35,35.2,48,957.8,4.4,10,27,7,0,64,2.0,138.0
2026-07-27 11:00:00+00:00,19.34,35.39,0.95,110.75,309.23,1.53,8.99,34.8,49,956.9,5.4,11,27,7,0,66,2.0,139.0
2026-07-27 12:00:00+00:00,20.53,37.63,1.33,111.54,317.76,1.61,10.68,34.6,56,956.5,7.2,12,27,7,0,69,3.0,137.0
2026-07-27 13:00:00+00:00,22.18,40.65,2.34,109.43,338.7,1.73,13.53,33.3,69,956.0,6.6,13,27,7,0,72,3.0,136.0
2026-07-27 14:00:00+00:00,24.19,44.13,3.87,103.02,368.88,1.83,17.17,31.9,74,956.2,5.2,14,27,7,0,76,4.0,137.0
2026-07-27 15:00:00+00:00,26.14,47.35,4.7,96.19,396.77,1.8,20.06,30.8,79,956.7,3.7,15,27,7,0,81,5.0,137.0
2026-07-27 16:00:00+00:00,27.7,49.43,5.19,88.92,418.42,1.61,22.43,30.1,83,957.6,5.9,16,27,7,0,84,3.0,135.0
2026-07-27 17:00:00+00:00,29.32,51.89,5.72,82.39,443.17,1.41,24.67,29.4,82,957.9,7.2,17,27,7,0,87,3.0,134.0
2026-07-27 18:00:00+00:00,30.59,54.44,6.09,77.47,461.5,1.27,25.94,29.8,80,957.4,2.5,18,27,7,0,90,3.0,134.0
2026-07-27 19:00:00+00:00,31.3,55.99,6.37,71.57,469.77,1.08,27.02,29.3,83,957.5,2.8,19,27,7,0,91,1.0,133.0
2026-07-27 20:00:00+00:00,32.19,57.37,6.73,64.93,482.18,0.88,28.55,29.0,85,957.4,2.4,20,27,7,0,93,2.0,133.0
2026-07-27 21:00:00+00:00,33.1,58.92,6.99,58.88,492.77,0.75,29.86,28.9,86,957.5,0.9,21,27,7,0,95,2.0,132.0
2026-07-27 22:00:00+00:00,33.79,60.38,7.19,53.39,499.84,0.66,30.93,28.6,87,957.7,1.5,22,27,7,0,97,2.0,129.0
2026-07-27 23:00:00+00:00,34.62,62.44,7.4,48.51,508.41,0.63,31.93,28.2,88,957.7,1.5,23,27,7,0,98,1.0,126.0
2026-07-28 00:00:00+00:00,35.5,64.88,7.64,44.64,518.32,0.63,32.46,28.2,87,957.3,3.8,0,28,7,1,101,3.0,125.0
2026-07-28 01:00:00+00:00,36.09,67.21,7.84,41.56,526.27,0.65,32.95,27.8,88,957.8,4.5,1,28,7,1,102,1.0,122.0
2026-07-28 02:00:00+00:00,36.75,69.91,8.07,39.84,543.16,0.74,32.67,28.6,84,958.5,5.9,2,28,7,1,104,2.0,119.0
2026-07-28 03:00:00+00:00,37.88,74.13,7.57,45.21,563.01,0.88,31.46,29.7,78,959.2,6.7,3,28,7,1,107,3.0,116.0
2026-07-28 04:00:00+00:00,37.24,76.32,2.21,107.68,428.9,3.82,14.41,31.2,73,959.4,4.0,4,28,7,1,105,-2.0,113.0
2026-07-28 05:00:00+00:00,35.74,70.06,1.22,119.41,394.19,3.78,10.94,32.6,70,959.7,2.0,5,28,7,1,102,-3.0,109.0
2026-07-28 06:00:00+00:00,35.74,68.1,0.92,123.28,380.41,3.55,10.0,34.0,64,959.5,2.0,6,28,7,1,102,0.0,104.0
2026-07-28 07:00:00+00:00,35.3,66.92,0.71,125.53,366.03,3.63,8.66,34.9,62,959.1,1.3,7,28,7,1,100,-2.0,92.0
2026-07-28 08:00:00+00:00,34.29,65.0,0.63,124.92,346.97,3.33,7.78,35.6,58,958.5,1.9,8,28,7,1,98,-2.0,86.0
2026-07-28 09:00:00+00:00,34.49,65.1,0.63,124.14,336.77,3.16,7.46,36.0,55,957.7,4.3,9,28,7,1,98,0.0,84.0
2026-07-28 10:00:00+00:00,36.01,67.21,0.74,124.82,337.45,3.18,8.05,36.2,51,957.0,4.5,10,28,7,1,102,4.0,85.0
2026-07-28 11:00:00+00:00,38.49,70.71,0.99,125.4,344.8,3.3,9.48,36.0,49,956.4,5.6,11,28,7,1,108,6.0,85.0
2026-07-28 12:00:00+00:00,41.09,74.74,1.36,126.08,355.78,3.46,10.93,36.0,52,955.6,6.7,12,28,7,1,115,7.0,82.0
2026-07-28 13:00:00+00:00,44.04,78.34,3.38,117.68,392.68,3.43,15.91,34.4,63,955.6,8.4,13,28,7,1,122,7.0,78.0
2026-07-28 14:00:00+00:00,46.75,81.15,6.26,103.74,445.51,3.25,23.0,32.9,70,956.1,8.4,14,28,7,1,129,7.0,76.0
2026-07-28 15:00:00+00:00,48.83,83.65,7.92,92.64,491.49,3.08,29.62,31.9,72,956.8,5.5,15,28,7,1,134,5.0,74.0
2026-07-28 16:00:00+00:00,49.84,84.89,8.66,84.85,522.05,2.9,34.88,31.0,76,957.6,5.1,16,28,7,1,136,2.0,72.0
2026-07-28 17:00:00+00:00,50.72,86.25,8.64,79.52,539.89,2.63,35.82,30.2,80,958.2,6.3,17,28,7,1,138,2.0,71.0
2026-07-28 18:00:00+00:00,51.26,87.4,8.25,76.82,545.89,2.37,34.61,31.1,77,957.5,5.7,18,28,7,1,140,2.0,71.0
2026-07-28 19:00:00+00:00,49.91,87.37,6.3,83.24,506.76,2.18,27.65,29.9,80,957.6,5.4,19,28,7,1,136,-4.0,71.0
2026-07-28 20:00:00+00:00,49.83,88.74,5.34,83.59,489.15,1.94,26.3,29.3,78,957.8,10.1,20,28,7,1,136,0.0,73.0
2026-07-28 21:00:00+00:00,49.89,90.18,4.76,81.81,478.02,1.75,26.15,26.3,84,959.0,9.0,21,28,7,1,136,0.0,74.0
2026-07-28 22:00:00+00:00,49.85,90.84,4.5,78.5,470.64,1.62,26.12,25.1,92,960.0,8.8,22,28,7,1,136,0.0,75.0
2026-07-28 23:00:00+00:00,50.29,91.97,4.4,76.1,469.63,1.55,25.6,24.7,96,960.3,4.1,23,28,7,1,137,1.0,76.0
2026-07-29 00:00:00+00:00,50.76,93.3,4.23,75.57,472.67,1.53,24.05,28.0,87,959.4,5.2,0,29,7,2,139,2.0,77.0
2026-07-29 01:00:00+00:00,50.13,91.35,3.95,74.61,477.45,1.52,22.0,27.2,87,960.4,9.5,1,29,7,2,137,-2.0,77.0
2026-07-29 02:00:00+00:00,49.4,87.38,4.25,72.34,496.8,1.54,21.14,27.1,82,961.0,9.0,2,29,7,2,135,-2.0,75.0
2026-07-29 03:00:00+00:00,49.1,85.24,4.33,74.44,517.44,1.73,20.7,28.1,78,961.7,6.2,3,29,7,2,134,-1.0,75.0
2026-07-29 04:00:00+00:00,47.69,89.46,2.67,95.49,476.79,2.35,15.92,29.2,75,962.1,4.0,4,29,7,2,131,-3.0,66.0
2026-07-29 05:00:00+00:00,47.36,87.68,2.14,103.77,470.64,2.44,14.37,30.7,70,962.1,1.8,5,29,7,2,130,-1.0,62.0
2026-07-29 06:00:00+00:00,47.65,84.42,1.88,110.02,474.73,2.49,13.42,31.4,66,962.3,1.9,6,29,7,2,131,1.0,62.0
2026-07-29 07:00:00+00:00,41.9,78.12,1.37,113.26,407.53,2.54,10.14,32.1,64,961.6,2.5,7,29,7,2,117,-14.0,61.0
2026-07-29 08:00:00+00:00,37.73,70.34,1.12,113.34,360.55,2.26,8.34,32.9,61,961.1,3.1,8,29,7,2,106,-11.0,62.0
2026-07-29 09:00:00+00:00,37.01,66.09,1.1,114.1,351.74,2.08,7.9,33.4,61,960.6,5.5,9,29,7,2,105,-1.0,63.0
2026-07-29 10:00:00+00:00,37.59,64.45,1.19,115.48,352.14,1.99,8.2,33.9,61,959.9,7.1,10,29,7,2,106,1.0,65.0
2026-07-29 11:00:00+00:00,38.51,63.69,1.4,115.88,356.01,1.96,9.12,34.4,58,959.2,9.4,11,29,7,2,108,2.0,67.0
2026-07-29 12:00:00+00:00,38.53,62.27,1.72,115.45,359.12,1.92,9.94,34.2,57,959.2,11.3,12,29,7,2,108,0.0,69.0
2026-07-29 13:00:00+00:00,38.7,62.07,2.57,113.09,371.4,1.88,11.73,33.2,66,958.6,9.1,13,29,7,2,109,1.0,72.0
2026-07-29 14:00:00+00:00,39.34,63.01,3.66,108.36,390.88,1.85,14.28,31.7,72,958.6,7.5,14,29,7,2,110,1.0,76.0
2026-07-29 15:00:00+00:00,39.89,64.1,4.13,103.95,407.42,1.82,16.56,30.7,75,959.2,6.5,15,29,7,2,112,2.0,80.0
2026-07-29 16:00:00+00:00,39.81,64.25,4.25,99.77,418.59,1.74,18.35,30.0,79,960.0,3.5,16,29,7,2,112,0.0,83.0
2026-07-29 17:00:00+00:00,39.79,64.44,4.31,96.49,431.62,1.64,20.02,29.2,84,960.3,4.5,17,29,7,2,112,0.0,87.0
2026-07-29 18:00:00+00:00,39.89,64.75,4.36,93.69,444.15,1.56,21.06,29.5,85,960.0,5.2,18,29,7,2,112,0.0,90.0
2026-07-29 19:00:00+00:00,39.8,64.65,4.38,89.83,451.42,1.46,21.11,28.7,88,959.8,3.7,19,29,7,2,112,0.0,92.0
2026-07-29 20:00:00+00:00,39.98,64.85,4.37,86.1,462.43,1.36,21.03,28.3,90,959.8,3.4,20,29,7,2,112,0.0,94.0
2026-07-29 21:00:00+00:00,40.21,65.17,4.26,83.07,472.59,1.28,20.6,26.0,95,960.2,10.9,21,29,7,2,113,1.0,97.0
2026-07-29 22:00:00+00:00,40.49,65.27,4.14,80.55,480.59,1.32,19.28,25.6,99,960.0,4.2,22,29,7,2,113,0.0,99.0
2026-07-29 23:00:00+00:00,40.73,64.19,4.02,79.29,491.04,1.4,17.08,25.5,98,960.1,3.4,23,29,7,2,114,1.0,102.0
2026-07-30 00:00:00+00:00,40.9,62.31,3.76,80.97,500.23,1.48,14.86,25.4,96,959.9,10.6,0,30,7,3,114,0.0,105.0
2026-07-30 01:00:00+00:00,40.16,59.77,3.35,84.25,497.2,1.49,12.95,25.7,96,960.2,6.2,1,30,7,3,112,-2.0,106.0
2026-07-30 02:00:00+00:00,39.59,58.59,3.5,84.76,500.45,1.49,11.82,26.8,91,960.6,2.5,2,30,7,3,111,-1.0,107.0
2026-07-30 03:00:00+00:00,39.7,59.19,3.61,86.5,503.47,1.54,11.5,27.9,84,961.1,4.9,3,30,7,3,111,0.0,111.0
2026-07-30 04:00:00+00:00,39.88,60.65,2.74,97.05,480.81,1.56,10.47,29.1,77,961.0,3.6,4,30,7,3,112,1.0,94.0
2026-07-30 05:00:00+00:00,41.56,62.57,2.08,105.54,473.04,1.58,11.01,30.6,73,961.0,0.6,5,30,7,3,116,4.0,88.0
2026-07-30 06:00:00+00:00,44.49,65.61,1.56,114.28,467.72,1.63,11.09,32.3,67,960.6,4.4,6,30,7,3,123,7.0,86.0
2026-07-30 07:00:00+00:00,46.32,70.98,1.11,120.27,430.23,1.87,9.78,33.2,64,960.3,3.8,7,30,7,3,128,5.0,88.0
2026-07-30 08:00:00+00:00,47.66,76.18,1.01,119.74,395.93,1.85,9.95,33.7,63,959.9,5.6,8,30,7,3,131,3.0,92.0
2026-07-30 09:00:00+00:00,49.48,79.19,1.05,119.9,380.61,1.82,10.59,34.4,60,959.2,5.8,9,30,7,3,135,4.0,96.0
2026-07-30 10:00:00+00:00,50.56,80.63,1.14,121.03,371.09,1.84,11.21,34.8,58,958.5,6.0,10,30,7,3,138,3.0,98.0
2026-07-30 11:00:00+00:00,50.94,80.15,1.3,121.33,364.61,1.89,11.47,34.9,57,957.9,7.1,11,30,7,3,139,1.0,99.0
2026-07-30 12:00:00+00:00,50.28,78.17,1.59,120.67,360.18,1.91,11.49,35.5,53,957.0,9.8,12,30,7,3,137,-2.0,99.0
2026-07-30 13:00:00+00:00,49.87,77.47,2.44,117.0,366.64,1.89,13.42,34.7,61,957.0,8.5,13,30,7,3,136,-1.0,103.0
2026-07-30 14:00:00+00:00,50.07,77.98,3.56,110.62,381.78,1.83,16.91,33.1,69,957.6,9.1,14,30,7,3,137,1.0,111.0
2026-07-30 15:00:00+00:00,50.08,78.49,4.04,104.97,395.26,1.76,19.78,32.1,71,958.1,7.4,15,30,7,3,137,0.0,118.0
2026-07-30 16:00:00+00:00,49.3,77.29,4.21,99.63,403.37,1.64,21.71,31.2,77,959.1,2.3,16,30,7,3,135,-2.0,124.0
2026-07-30 17:00:00+00:00,48.93,76.29,4.35,95.6,413.44,1.52,22.31,30.7,78,959.9,6.6,17,30,7,3,134,-1.0,130.0
2026-07-30 18:00:00+00:00,48.94,75.94,4.42,92.42,421.16,1.44,21.6,31.1,75,959.6,3.6,18,30,7,3,134,0.0,134.0
2026-07-30 19:00:00+00:00,48.57,74.57,4.26,90.21,420.63,1.48,18.85,27.9,90,959.8,13.3,19,30,7,3,133,-1.0,136.0
2026-07-30 20:00:00+00:00,48.5,72.75,3.99,89.24,426.25,1.49,15.58,25.3,98,961.0,6.9,20,30,7,3,133,0.0,138.0
2026-07-30 21:00:00+00:00,48.2,70.67,3.56,90.14,432.35,1.48,13.28,25.4,96,961.4,8.4,21,30,7,3,132,-1.0,138.0
2026-07-30 22:00:00+00:00,46.68,67.03,3.07,90.62,427.86,1.41,11.82,25.6,96,961.7,6.9,22,30,7,3,129,-3.0,135.0
2026-07-30 23:00:00+00:00,45.85,64.47,2.83,90.73,430.71,1.33,10.22,25.2,96,962.1,4.7,23,30,7,3,126,-3.0,133.0
2026-07-31 00:00:00+00:00,45.21,61.76,2.64,90.65,438.78,1.31,8.96,24.7,99,962.0,12.1,0,31,7,4,125,-1.0,129.0
2026-07-31 01:00:00+00:00,44.13,58.31,2.41,91.37,448.82,1.33,7.98,24.6,99,962.1,6.2,1,31,7,4,122,-3.0,124.0
2026-07-31 02:00:00+00:00,42.72,55.88,2.63,90.1,466.27,1.29,7.77,24.9,99,963.0,7.7,2,31,7,4,119,-3.0,120.0
2026-07-31 03:00:00+00:00,41.46,54.46,3.09,88.57,488.41,1.28,8.17,25.2,97,963.7,7.9,3,31,7,4,116,-3.0,119.0
2026-07-31 04:00:00+00:00,40.34,53.32,3.04,91.14,506.02,1.27,8.32,25.3,96,964.2,4.4,4,31,7,4,113,-3.0,115.0
2026-07-31 05:00:00+00:00,38.72,51.2,2.68,95.82,520.91,1.28,8.49,25.9,93,964.5,5.3,5,31,7,4,109,-4.0,113.0
2026-07-31 06:00:00+00:00,36.69,48.12,2.33,101.04,536.54,1.3,8.72,26.8,86,964.8,6.5,6,31,7,4,104,-5.0,113.0
2026-07-31 07:00:00+00:00,31.5,40.9,1.63,110.79,529.53,1.23,7.08,28.7,76,964.3,1.5,7,31,7,4,92,-12.0,109.0
2026-07-31 08:00:00+00:00,28.59,36.75,1.33,115.85,525.3,1.11,6.29,30.1,70,963.8,1.3,8,31,7,4,86,-6.0,106.0
2026-07-31 09:00:00+00:00,27.96,35.4,1.24,120.49,537.21,1.05,5.96,30.0,70,962.8,0.9,9,31,7,4,84,-2.0,105.0
2026-07-31 10:00:00+00:00,28.27,35.19,1.35,125.66,554.87,1.04,5.96,30.5,69,962.1,2.4,10,31,7,4,85,1.0,96.0
2026-07-31 11:00:00+00:00,28.15,34.63,1.67,127.84,567.9,1.03,6.35,30.7,69,961.7,2.3,11,31,7,4,85,0.0,90.0
2026-07-31 12:00:00+00:00,26.88,32.95,2.17,128.16,578.52,1.02,6.75,30.2,69,961.9,6.7,12,31,7,4,82,-3.0,86.0
2026-07-31 13:00:00+00:00,25.17,31.03,2.71,127.92,588.91,0.99,7.34,30.1,70,961.7,2.1,13,31,7,4,78,-4.0,88.0
2026-07-31 14:00:00+00:00,23.88,30.13,2.99,127.36,599.57,0.97,8.12,29.1,78,962.1,1.6,14,31,7,4,76,-2.0,93.0
2026-07-31 15:00:00+00:00,22.95,29.94,2.83,127.06,607.21,0.95,8.57,28.1,86,962.6,4.5,15,31,7,4,74,-2.0,97.0
2026-07-31 16:00:00+00:00,21.96,29.6,2.6,124.83,607.81,0.93,8.78,27.7,88,963.2,5.0,16,31,7,4,72,-2.0,101.0
2026-07-31 17:00:00+00:00,21.69,30.24,2.65,121.36,616.94,0.94,9.6,27.4,89,963.5,5.2,17,31,7,4,71,-1.0,106.0
2026-07-31 18:00:00+00:00,21.63,31.17,2.73,117.54,625.21,0.99,10.26,27.7,88,963.1,3.4,18,31,7,4,71,0.0,109.0
2026-07-31 19:00:00+00:00,21.83,32.51,3.01,111.24,632.11,1.0,11.48,27.3,90,962.9,1.3,19,31,7,4,71,0.0,108.0
2026-07-31 20:00:00+00:00,22.49,34.45,3.32,102.75,643.81,0.95,13.03,27.1,91,963.1,0.5,20,31,7,4,73,2.0,108.0
2026-07-31 21:00:00+00:00,23.16,36.13,3.52,95.02,655.32,0.94,14.54,26.8,92,963.2,1.5,21,31,7,4,74,1.0,106.0
2026-07-31 22:00:00+00:00,23.53,37.08,3.67,88.16,662.15,0.91,15.17,26.7,93,963.3,1.8,22,31,7,4,75,1.0,104.0
2026-07-31 23:00:00+00:00,23.88,37.9,3.74,82.82,669.14,0.84,13.28,26.4,94,963.2,0.9,23,31,7,4,76,1.0,103.0
2026-08-01 00:00:00+00:00,24.58,39.06,3.69,79.13,672.6,0.83,11.39,26.4,95,963.1,2.2,0,1,8,5,77,1.0,100.0
2026-08-01 01:00:00+00:00,24.55,39.38,4.05,75.86,673.85,0.88,8.01,26.5,95,963.4,2.8,1,1,8,5,77,0.0,95.0
2026-08-01 02:00:00+00:00,23.61,38.88,4.75,71.57,679.98,0.93,6.51,27.9,87,963.9,1.2,2,1,8,5,75,-2.0,91.0
2026-08-01 03:00:00+00:00,23.61,39.32,4.79,73.6,678.56,1.02,6.09,29.2,78,964.0,2.1,3,1,8,5,75,0.0,91.0
2026-08-01 04:00:00+00:00,19.15,32.12,2.58,94.61,558.84,1.19,4.34,30.2,72,964.1,1.2,4,1,8,5,66,-9.0,90.0
2026-08-01 05:00:00+00:00,17.22,27.32,1.72,103.38,485.72,1.17,3.08,30.9,68,964.0,1.9,5,1,8,5,62,-4.0,90.0
2026-08-01 06:00:00+00:00,17.25,25.84,1.31,108.03,440.73,1.16,2.4,31.0,66,964.4,2.6,6,1,8,5,62,0.0,93.0
2026-08-01 07:00:00+00:00,17.0,24.11,1.05,110.82,404.39,1.06,1.87,31.8,64,963.3,2.9,7,1,8,5,61,-1.0,84.0
2026-08-01 08:00:00+00:00,17.26,23.57,0.93,111.49,377.26,0.94,1.56,32.3,63,962.7,1.8,8,1,8,5,62,1.0,79.0
2026-08-01 09:00:00+00:00,17.83,23.91,0.9,112.36,358.45,0.87,1.4,32.4,62,961.6,3.1,9,1,8,5,63,1.0,81.0
2026-08-01 10:00:00+00:00,18.57,24.74,1.09,113.35,352.31,0.84,1.55,32.8,63,960.7,2.4,10,1,8,5,65,2.0,85.0
2026-08-01 11:00:00+00:00,19.61,26.21,1.48,113.59,352.27,0.86,1.93,33.1,61,960.0,2.9,11,1,8,5,67,2.0,91.0
2026-08-01 12:00:00+00:00,20.47,27.61,2.02,113.86,354.5,0.91,2.35,33.5,58,959.4,9.4,12,1,8,5,69,2.0,97.0
2026-08-01 13:00:00+00:00,21.99,30.19,3.95,109.16,376.66,1.0,3.6,32.3,67,959.1,5.2,13,1,8,5,72,3.0,106.0
2026-08-01 14:00:00+00:00,24.0,33.73,6.88,99.58,414.12,1.11,5.27,31.1,75,959.4,3.7,14,1,8,5,76,4.0,116.0
2026-08-01 15:00:00+00:00,25.8,37.15,8.82,90.64,450.75,1.21,6.73,29.9,84,959.9,5.0,15,1,8,5,80,4.0,125.0
2026-08-01 16:00:00+00:00,27.48,40.31,10.28,82.4,481.65,1.28,8.02,29.4,87,960.8,4.8,16,1,8,5,83,3.0,133.0
2026-08-01 17:00:00+00:00,29.27,43.58,11.43,74.83,511.68,1.3,8.92,29.1,88,961.3,5.2,17,1,8,5,87,4.0,139.0
2026-08-01 18:00:00+00:00,30.79,46.49,12.21,67.67,536.77,1.23,8.91,29.5,86,960.9,1.8,18,1,8,5,90,3.0,144.0
2026-08-01 19:00:00+00:00,31.71,48.41,12.62,60.41,549.88,1.02,7.46,29.2,85,961.0,3.3,19,1,8,5,92,2.0,147.0
2026-08-01 20:00:00+00:00,32.71,50.32,12.88,54.68,561.15,0.87,6.26,28.5,87,961.2,3.8,20,1,8,5,94,2.0,148.0
2026-08-01 21:00:00+00:00,33.82,52.35,12.94,50.68,568.28,0.77,5.44,27.9,90,961.2,4.5,21,1,8,5,97,3.0,148.0
2026-08-01 22:00:00+00:00,34.78,53.94,13.03,46.88,575.31,0.71,4.77,26.9,95,961.4,6.9,22,1,8,5,99,2.0,145.0
2026-08-01 23:00:00+00:00,36.02,55.68,13.65,41.78,591.72,0.66,4.41,25.9,93,962.0,14.3,23,1,8,5,102,3.0,144.0
2026-08-02 00:00:00+00:00,37.16,57.66,14.21,37.31,607.06,0.63,4.34,26.7,92,962.2,4.2,0,2,8,6,105,3.0,145.0
2026-08-02 01:00:00+00:00,37.65,58.89,14.44,33.25,615.99,0.63,4.46,26.3,95,963.0,6.5,1,2,8,6,106,1.0,143.0
2026-08-02 02:00:00+00:00,38.12,60.4,14.13,30.89,630.78,0.68,4.79,26.7,95,963.2,4.6,2,2,8,6,107,1.0,140.0
2026-08-02 03:00:00+00:00,39.39,63.33,11.87,35.31,643.76,0.76,5.08,27.2,91,963.9,7.0,3,2,8,6,111,4.0,138.0
2026-08-02 04:00:00+00:00,32.34,55.74,2.65,104.38,383.18,1.81,1.85,28.0,86,964.1,0.6,4,2,8,6,94,-17.0,126.0
2026-08-02 05:00:00+00:00,29.49,46.61,1.28,114.22,336.23,1.54,1.38,29.5,77,963.9,1.9,5,2,8,6,88,-6.0,121.0
2026-08-02 06:00:00+00:00,28.85,43.4,1.03,116.07,322.96,1.4,1.29,29.9,76,963.7,0.6,6,2,8,6,86,-2.0,125.0
2026-08-02 07:00:00+00:00,29.61,42.94,1.24,115.44,324.21,1.36,1.54,31.4,71,963.1,1.3,7,2,8,6,88,2.0,126.0
2026-08-02 08:00:00+00:00,31.5,44.18,1.64,114.28,330.34,1.36,2.05,32.5,67,962.6,1.9,8,2,8,6,92,4.0,123.0
2026-08-02 09:00:00+00:00,33.31,45.25,1.98,115.6,335.47,1.39,2.58,32.8,64,961.7,1.3,9,2,8,6,96,4.0,122.0
2026-08-02 10:00:00+00:00,34.37,45.72,2.22,119.2,341.62,1.41,3.03,32.9,63,960.8,1.7,10,2,8,6,98,2.0,123.0
2026-08-02 11:00:00+00:00,34.94,46.08,2.25,122.08,343.07,1.45,3.09,32.7,65,960.4,2.4,11,2,8,6,99,1.0,123.0
2026-08-02 12:00:00+00:00,35.08,46.07,2.28,123.0,338.45,1.51,2.8,33.0,65,959.9,8.0,12,2,8,6,99,0.0,121.0
2026-08-02 13:00:00+00:00,36.38,47.88,3.25,118.43,348.26,1.57,3.03,32.1,70,959.9,5.0,13,2,8,6,103,4.0,123.0
2026-08-02 14:00:00+00:00,39.41,52.03,5.19,109.71,376.03,1.6,3.99,31.1,80,960.4,1.7,14,2,8,6,111,8.0,128.0
2026-08-02 15:00:00+00:00,42.41,56.16,6.4,102.32,402.07,1.63,4.82,30.1,85,961.0,1.0,15,2,8,6,118,7.0,132.0
2026-08-02 16:00:00+00:00,45.04,59.6,7.19,96.02,423.47,1.61,5.39,29.4,91,961.9,2.3,16,2,8,6,124,6.0,133.0
2026-08-02 17:00:00+00:00,47.38,62.76,7.75,90.54,443.67,1.51,5.61,29.0,95,962.4,2.8,17,2,8,6,130,6.0,134.0
2026-08-02 18:00:00+00:00,49.02,65.28,8.18,85.6,460.34,1.39,5.57,30.1,89,961.9,0.6,18,2,8,6,134,4.0,135.0
2026-08-02 19:00:00+00:00,49.73,66.59,8.55,79.66,470.46,1.22,5.19,29.6,90,961.8,2.2,19,2,8,6,136,2.0,135.0
2026-08-02 20:00:00+00:00,50.37,67.79,9.0,73.73,484.31,1.13,4.77,27.9,95,961.9,12.1,20,2,8,6,138,2.0,135.0
2026-08-02 21:00:00+00:00,50.56,68.59,9.2,69.17,494.03,1.11,4.34,26.0,96,962.8,10.8,21,2,8,6,138,0.0,133.0
2026-08-02 22:00:00+00:00,49.44,68.02,8.74,67.33,490.42,1.17,3.64,25.8,95,962.3,4.0,22,2,8,6,135,-3.0,130.0
2026-08-02 23:00:00+00:00,48.31,66.78,8.26,65.93,489.07,1.15,2.84,25.8,95,962.2,4.6,23,2,8,6,133,-2.0,130.0
2026-08-03 00:00:00+00:00,47.0,64.52,7.48,66.97,485.05,1.09,2.29,28.2,87,961.9,5.3,0,3,8,0,129,-4.0,128.0
2026-08-03 01:00:00+00:00,44.66,60.22,6.56,69.15,475.61,1.08,2.09,27.7,88,961.5,5.2,1,3,8,0,124,-5.0,124.0
2026-08-03 02:00:00+00:00,43.39,57.69,7.05,66.08,489.33,1.11,2.33,28.5,86,961.8,5.2,2,3,8,0,120,-4.0,122.0
2026-08-03 03:00:00+00:00,42.95,56.87,8.04,62.77,510.82,1.25,2.81,29.5,80,961.8,5.5,3,3,8,0,119,-1.0,123.0
2026-08-03 04:00:00+00:00,41.35,55.51,7.3,70.57,491.9,1.38,2.78,30.8,72,962.3,7.2,4,3,8,0,115,-4.0,127.0
2026-08-03 05:00:00+00:00,40.28,54.76,6.12,76.16,476.28,1.41,2.38,30.8,70,962.9,10.3,5,3,8,0,113,-2.0,138.0
2026-08-03 06:00:00+00:00,40.46,55.28,4.6,86.17,454.01,1.46,2.09,32.3,63,962.7,3.2,6,3,8,0,113,0.0,151.0
2026-08-03 07:00:00+00:00,38.76,53.91,2.39,103.37,396.1,1.73,1.46,33.2,61,962.5,3.8,7,3,8,0,109,-4.0,129.0
2026-08-03 08:00:00+00:00,37.69,52.5,2.09,106.61,379.57,1.57,1.59,33.2,63,962.2,5.3,8,3,8,0,106,-3.0,116.0
2026-08-03 09:00:00+00:00,37.01,51.39,2.16,107.87,373.18,1.49,1.82,33.1,65,961.4,7.5,9,3,8,0,105,-1.0,116.0
2026-08-03 10:00:00+00:00,33.61,46.45,2.24,108.29,366.7,1.45,1.93,33.0,67,961.1,8.1,10,3,8,0,96,-9.0,121.0
2026-08-03 11:00:00+00:00,30.42,42.04,2.16,107.48,359.33,1.4,1.86,32.9,68,960.6,8.7,11,3,8,0,90,-6.0,126.0
2026-08-03 12:00:00+00:00,28.92,40.1,2.11,108.73,353.28,1.36,1.69,29.9,80,961.1,7.6,12,3,8,0,86,-4.0,131.0
2026-08-03 13:00:00+00:00,29.5,41.28,3.2,105.96,366.13,1.37,2.27,29.1,86,961.3,4.5,13,3,8,0,88,2.0,136.0
2026-08-03 14:00:00+00:00,31.98,45.19,5.39,99.17,399.18,1.46,3.7,28.6,89,961.6,7.4,14,3,8,0,93,5.0,142.0
2026-08-03 15:00:00+00:00,34.02,48.6,6.84,92.86,431.29,1.54,5.07,28.2,90,962.4,9.4,15,3,8,0,97,4.0,148.0
2026-08-03 16:00:00+00:00,35.6,51.03,8.21,86.02,464.76,1.59,6.2,28.0,92,962.9,4.2,16,3,8,0,101,4.0,151.0
2026-08-03 17:00:00+00:00,37.44,53.51,9.58,79.04,505.46,1.66,6.47,27.0,94,963.5,7.8,17,3,8,0,106,5.0,152.0
2026-08-03 18:00:00+00:00,38.92,55.17,10.38,74.0,537.71,1.69,5.93,27.5,93,963.4,3.2,18,3,8,0,109,3.0,152.0
2026-08-03 19:00:00+00:00,38.53,54.09,9.86,71.56,535.75,1.55,4.49,26.4,99,963.2,7.5,19,3,8,0,108,-1.0,149.0
2026-08-03 20:00:00+00:00,38.18,53.34,9.24,70.14,535.27,1.41,4.0,24.9,98,963.3,9.6,20,3,8,0,108,0.0,147.0
2026-08-03 21:00:00+00:00,37.73,52.57,8.31,70.79,529.23,1.33,3.88,24.6,98,963.4,4.7,21,3,8,0,106,-2.0,147.0
2026-08-03 22:00:00+00:00,36.91,51.45,7.3,73.22,516.89,1.3,3.89,24.5,97,963.8,6.9,22,3,8,0,104,-2.0,146.0
2026-08-03 23:00:00+00:00,36.34,50.43,6.93,72.27,517.81,1.25,3.7,24.6,95,963.9,2.4,23,3,8,0,103,-1.0,145.0
2026-08-04 00:00:00+00:00,35.28,48.46,6.53,71.39,519.18,1.16,3.15,25.7,94,963.5,4.9,0,4,8,1,100,-3.0,144.0
2026-08-04 01:00:00+00:00,32.88,44.36,5.52,76.08,500.23,1.0,2.29,25.4,96,963.4,3.1,1,4,8,1,95,-5.0,142.0
2026-08-04 02:00:00+00:00,31.13,42.08,5.22,77.12,497.09,0.96,2.06,25.7,95,964.2,4.2,2,4,8,1,91,-4.0,140.0
2026-08-04 03:00:00+00:00,30.94,42.26,4.98,78.18,501.09,1.04,1.93,26.2,93,964.5,3.3,3,4,8,1,91,0.0,137.0
2026-08-04 04:00:00+00:00,30.75,42.65,3.81,88.02,481.68,1.2,1.6,28.1,83,964.8,1.5,4,4,8,1,90,-1.0,123.0
2026-08-04 05:00:00+00:00,30.85,43.09,2.87,97.94,464.13,1.31,1.51,29.8,76,964.7,1.7,5,4,8,1,90,0.0,124.0
2026-08-04 06:00:00+00:00,31.88,44.25,2.17,107.22,451.12,1.41,1.47,30.6,72,965.1,3.5,6,4,8,1,93,3.0,132.0
2026-08-04 07:00:00+00:00,27.64,37.96,1.4,115.9,416.85,1.26,1.07,31.4,69,964.5,3.5,7,4,8,1,84,-9.0,120.0
2026-08-04 08:00:00+00:00,25.28,34.6,1.08,118.57,393.46,1.14,0.9,32.0,67,963.6,3.3,8,4,8,1,79,-5.0,111.0
2026-08-04 09:00:00+00:00,26.16,35.54,0.99,120.57,385.38,1.17,0.88,32.5,64,962.7,4.0,9,4,8,1,81,2.0,112.0
2026-08-04 10:00:00+00:00,28.32,38.3,1.11,123.57,388.52,1.26,1.01,33.0,62,961.6,6.2,10,4,8,1,85,4.0,116.0
2026-08-04 11:00:00+00:00,31.09,42.13,1.43,125.24,395.32,1.38,1.3,32.8,64,960.9,8.3,11,4,8,1,91,6.0,122.0
2026-08-04 12:00:00+00:00,33.93,46.29,1.94,126.08,407.84,1.5,1.59,33.2,60,960.1,7.8,12,4,8,1,97,6.0,129.0
2026-08-04 13:00:00+00:00,37.44,51.78,3.24,123.07,433.93,1.64,2.16,32.1,69,960.0,8.8,13,4,8,1,106,9.0,139.0
2026-08-04 14:00:00+00:00,41.42,58.15,5.0,115.42,468.3,1.74,2.91,31.1,75,960.0,9.1,14,4,8,1,116,10.0,152.0
2026-08-04 15:00:00+00:00,45.38,64.51,5.89,109.48,500.33,1.78,3.52,30.1,79,960.6,8.2,15,4,8,1,125,9.0,154.0
2026-08-04 16:00:00+00:00,48.47,69.33,6.48,103.72,525.58,1.71,3.94,29.4,82,961.7,5.3,16,4,8,1,133,8.0,156.0
2026-08-04 17:00:00+00:00,51.02,73.2,7.1,98.09,551.64,1.63,4.27,28.9,85,962.1,5.6,17,4,8,1,139,6.0,159.0
2026-08-04 18:00:00+00:00,52.94,76.27,7.72,92.83,573.84,1.58,4.3,29.5,83,961.2,5.0,18,4,8,1,144,5.0,161.0
2026-08-04 19:00:00+00:00,54.0,77.58,8.21,86.9,587.25,1.5,3.92,29.0,85,961.0,4.2,19,4,8,1,147,3.0,162.0
2026-08-04 20:00:00+00:00,54.72,77.88,8.61,80.82,601.73,1.42,3.46,28.1,90,960.7,3.7,20,4,8,1,148,1.0,164.0
2026-08-04 21:00:00+00:00,54.52,76.97,8.8,75.76,610.53,1.37,3.19,27.2,93,960.3,1.8,21,4,8,1,148,0.0,165.0
2026-08-04 22:00:00+00:00,53.41,75.06,8.85,71.54,612.24,1.51,3.09,26.7,96,960.1,0.5,22,4,8,1,145,-3.0,166.0
2026-08-04 23:00:00+00:00,53.13,74.94,8.95,68.19,620.31,1.5,2.86,26.6,97,960.0,1.2,23,4,8,1,144,-1.0,168.0
2026-08-05 00:00:00+00:00,53.49,75.7,8.96,65.95,627.53,1.35,2.65,27.6,92,959.7,4.7,0,5,8,2,145,1.0,169.0
2026-08-05 01:00:00+00:00,52.48,75.43,8.39,65.43,618.89,1.19,2.43,26.9,93,960.0,7.8,1,5,8,2,143,-2.0,170.0
2026-08-05 02:00:00+00:00,51.37,75.49,8.08,65.47,613.09,1.17,2.45,27.4,92,960.6,6.3,2,5,8,2,140,-3.0,170.0
2026-08-05 03:00:00+00:00,50.55,76.09,7.36,69.44,608.19,1.26,2.71,28.8,86,960.7,2.6,3,5,8,2,138,-2.0,171.0
2026-08-05 04:00:00+00:00,45.61,73.58,3.22,105.03,516.58,2.04,1.4,30.1,81,960.9,2.8,4,5,8,2,126,-12.0,166.0
2026-08-05 05:00:00+00:00,43.65,72.07,1.9,117.79,474.49,2.32,0.93,31.4,76,960.6,1.0,5,5,8,2,121,-5.0,163.0
2026-08-05 06:00:00+00:00,45.28,74.9,1.36,124.06,452.4,2.38,0.78,32.9,65,960.6,3.4,6,5,8,2,125,4.0,162.0
2026-08-05 07:00:00+00:00,45.6,76.73,1.08,126.31,421.98,2.35,0.66,33.8,60,959.9,3.8,7,5,8,2,126,1.0,161.0
2026-08-05 08:00:00+00:00,44.48,75.51,1.05,124.91,393.8,2.15,0.69,34.4,57,959.1,6.8,8,5,8,2,123,-3.0,160.0
2026-08-05 09:00:00+00:00,44.19,75.37,1.12,123.43,376.99,2.06,0.78,34.8,55,958.3,6.5,9,5,8,2,122,-1.0,160.0
2026-08-05 10:00:00+00:00,44.29,76.37,1.26,123.56,367.25,2.06,0.88,34.7,55,957.7,7.1,10,5,8,2,123,1.0,161.0
2026-08-05 11:00:00+00:00,44.25,77.63,1.45,122.74,356.24,2.11,0.96,34.3,56,957.1,10.0,11,5,8,2,123,0.0,162.0
2026-08-05 12:00:00+00:00,43.81,78.88,1.77,120.81,347.18,2.16,1.02,34.3,57,956.3,11.3,12,5,8,2,121,-2.0,163.0
2026-08-05 13:00:00+00:00,44.58,82.1,2.62,117.01,348.49,2.25,1.3,32.8,64,956.5,9.6,13,5,8,2,123,2.0,164.0
2026-08-05 14:00:00+00:00,46.41,86.8,3.74,111.21,357.83,2.33,1.77,31.2,69,956.6,8.3,14,5,8,2,128,5.0,166.0
2026-08-05 15:00:00+00:00,47.97,91.03,4.28,106.78,365.92,2.36,2.15,30.5,75,957.5,3.6,15,5,8,2,132,4.0,167.0
2026-08-05 16:00:00+00:00,48.51,91.39,4.38,103.15,367.51,2.31,2.34,29.8,79,958.3,3.1,16,5,8,2,133,1.0,167.0
2026-08-05 17:00:00+00:00,48.91,90.67,4.24,101.55,369.18,2.21,2.39,28.9,85,958.8,5.7,17,5,8,2,134,1.0,168.0
2026-08-05 18:00:00+00:00,49.35,91.7,3.95,101.21,367.36,2.18,2.26,30.3,81,958.1,3.3,18,5,8,2,135,1.0,169.0
2026-08-05 19:00:00+00:00,49.37,91.22,4.0,98.71,368.05,2.4,2.1,30.1,76,958.2,4.1,19,5,8,2,135,0.0,169.0
2026-08-05 20:00:00+00:00,49.18,86.17,4.61,93.63,385.46,2.66,1.96,29.6,80,958.1,2.4,20,5,8,2,135,0.0,170.0
2026-08-05 21:00:00+00:00,48.69,79.93,5.04,89.33,405.59,2.78,1.72,27.9,87,958.2,14.0,21,5,8,2,133,-2.0,170.0
2026-08-05 22:00:00+00:00,47.44,73.35,5.17,84.26,415.85,2.45,1.57,23.6,92,959.9,11.0,22,5,8,2,130,-3.0,171.0
2026-08-05 23:00:00+00:00,47.11,70.52,5.2,81.57,427.18,2.03,1.5,23.4,94,961.0,9.9,23,5,8,2,130,0.0,171.0
2026-08-06 00:00:00+00:00,46.5,68.67,4.96,81.24,433.42,1.73,1.46,25.9,91,959.2,5.8,0,6,8,3,128,-2.0,172.0
2026-08-06 01:00:00+00:00,44.69,66.4,3.98,86.33,423.95,1.54,1.31,25.6,94,960.1,2.1,1,6,8,3,124,-4.0,172.0
2026-08-06 02:00:00+00:00,44.19,65.44,4.08,84.76,435.64,1.38,1.44,26.6,92,960.6,4.8,2,6,8,3,122,-2.0,171.0
2026-08-06 03:00:00+00:00,44.53,65.91,4.2,84.26,454.79,1.33,1.69,27.8,83,961.0,3.1,3,6,8,3,123,1.0,171.0
2026-08-06 04:00:00+00:00,46.23,67.77,3.51,92.49,474.36,1.43,1.72,29.3,75,961.2,2.6,4,6,8,3,127,4.0,167.0
2026-08-06 05:00:00+00:00,50.33,71.96,2.66,105.87,489.56,1.49,1.82,30.6,70,961.3,3.5,5,6,8,3,138,11.0,166.0
2026-08-06 06:00:00+00:00,56.12,77.81,1.92,120.93,495.88,1.53,1.75,31.0,65,961.4,3.9,6,6,8,3,151,13.0,166.0
2026-08-06 07:00:00+00:00,46.77,70.02,1.07,126.78,401.89,1.54,0.85,32.0,63,961.0,2.7,7,6,8,3,129,-22.0,165.0
2026-08-06 08:00:00+00:00,41.72,68.4,0.8,123.23,335.51,1.41,0.44,32.7,60,960.4,1.3,8,6,8,3,116,-13.0,162.0
2026-08-06 09:00:00+00:00,41.79,69.53,0.8,121.38,316.85,1.39,0.37,33.4,56,959.7,4.7,9,6,8,3,116,0.0,160.0
2026-08-06 10:00:00+00:00,43.53,71.32,1.15,120.73,320.68,1.45,0.73,33.7,55,959.1,7.9,10,6,8,3,121,5.0,157.0
2026-08-06 11:00:00+00:00,45.8,73.29,1.75,120.55,333.83,1.51,1.43,33.7,57,958.8,9.2,11,6,8,3,126,5.0,155.0
2026-08-06 12:00:00+00:00,47.7,75.32,2.54,121.61,348.49,1.56,2.15,33.9,58,958.8,8.5,12,6,8,3,131,5.0,155.0
2026-08-06 13:00:00+00:00,49.88,78.28,4.22,119.27,374.78,1.65,3.17,32.6,67,958.9,8.8,13,6,8,3,136,5.0,155.0
2026-08-06 14:00:00+00:00,52.32,81.52,6.08,112.07,407.23,1.74,4.13,31.1,73,959.1,9.7,14,6,8,3,142,6.0,155.0
2026-08-06 15:00:00+00:00,54.46,84.25,6.91,104.98,434.99,1.77,4.71,30.0,77,960.0,7.6,15,6,8,3,148,6.0,156.0
2026-08-06 16:00:00+00:00,55.9,85.18,7.28,98.5,456.07,1.8,4.74,29.2,82,961.2,2.7,16,6,8,3,151,3.0,157.0
2026-08-06 17:00:00+00:00,57.2,85.6,7.52,93.58,476.83,1.84,4.13,28.7,85,961.8,3.5,17,6,8,3,152,1.0,157.0
2026-08-06 18:00:00+00:00,57.37,84.34,7.65,89.3,488.63,1.84,3.1,28.9,88,961.1,5.1,18,6,8,3,152,0.0,158.0
2026-08-06 19:00:00+00:00,54.95,78.9,7.46,84.46,481.03,1.71,2.19,25.5,92,961.6,9.6,19,6,8,3,149,-3.0,158.0
2026-08-06 20:00:00+00:00,54.1,76.4,7.5,80.82,487.03,1.5,1.81,25.3,94,961.2,7.5,20,6,8,3,147,-2.0,158.0
2026-08-06 21:00:00+00:00,54.04,75.59,7.53,77.42,497.07,1.29,1.66,25.2,94,961.9,1.3,21,6,8,3,147,0.0,158.0
2026-08-06 22:00:00+00:00,53.64,75.0,7.36,73.83,499.51,1.07,1.66,24.9,94,962.9,5.2,22,6,8,3,146,-1.0,159.0
2026-08-06 23:00:00+00:00,53.33,74.98,7.5,69.69,505.04,0.92,1.8,24.4,93,962.7,8.3,23,6,8,3,145,-1.0,159.0
2026-08-07 00:00:00+00:00,52.95,75.0,7.81,65.27,512.47,0.83,2.02,25.2,94,961.5,0.4,0,7,8,4,144,-1.0,159.0
2026-08-07 01:00:00+00:00,52.31,74.76,8.1,61.24,518.54,0.79,2.18,25.2,97,962.3,2.6,1,7,8,4,142,-2.0,159.0
2026-08-07 02:00:00+00:00,51.26,74.33,8.28,58.39,526.12,0.83,2.33,26.1,91,962.7,5.8,2,7,8,4,140,-2.0,159.0
2026-08-07 03:00:00+00:00,50.07,74.22,7.38,62.33,526.01,0.91,2.58,27.5,80,963.3,5.6,3,7,8,4,137,-3.0,159.0
2026-08-07 04:00:00+00:00,44.28,69.95,3.24,98.62,428.08,1.24,1.49,29.0,75,963.6,4.0,4,7,8,4,123,-14.0,153.0
2026-08-07 05:00:00+00:00,44.89,71.31,1.99,113.53,403.33,1.43,1.34,30.3,71,963.4,2.1,5,7,8,4,124,1.0,152.0
2026-08-07 06:00:00+00:00,47.95,75.02,1.47,122.49,394.99,1.58,1.36,31.5,62,963.8,4.1,6,7,8,4,132,8.0,152.0
2026-08-07 07:00:00+00:00,43.17,71.33,0.98,124.74,340.15,1.48,0.9,32.4,59,963.0,4.3,7,7,8,4,120,-12.0,151.0
2026-08-07 08:00:00+00:00,39.72,68.53,0.82,123.09,305.48,1.3,0.75,33.0,55,962.2,3.3,8,7,8,4,111,-9.0,147.0
2026-08-07 09:00:00+00:00,40.14,68.78,0.86,122.99,301.82,1.26,0.79,33.9,50,961.5,1.6,9,7,8,4,112,1.0,144.0
2026-08-07 10:00:00+00:00,41.66,70.26,1.02,124.63,307.46,1.28,0.94,33.9,51,960.9,5.5,10,7,8,4,116,4.0,146.0
2026-08-07 11:00:00+00:00,43.96,72.44,1.32,125.56,317.09,1.35,1.22,33.4,57,960.3,8.0,11,7,8,4,122,6.0,150.0
2026-08-07 12:00:00+00:00,46.76,75.7,1.81,125.98,330.4,1.43,1.48,32.8,61,960.0,12.4,12,7,8,4,129,7.0,152.0
2026-08-07 13:00:00+00:00,51.1,81.12,3.23,122.02,360.94,1.53,2.15,31.9,68,960.1,8.7,13,7,8,4,139,10.0,153.0
2026-08-07 14:00:00+00:00,56.48,87.84,5.24,113.25,405.55,1.62,3.07,30.8,71,960.4,9.3,14,7,8,4,152,13.0,154.0
2026-08-07 15:00:00+00:00,61.5,94.62,6.45,105.74,445.52,1.66,3.83,29.7,76,961.0,5.3,15,7,8,4,154,2.0,154.0
2026-08-07 16:00:00+00:00,65.95,100.36,7.45,98.51,480.65,1.59,4.43,28.9,83,961.8,3.8,16,7,8,4,156,2.0,154.0
2026-08-07 17:00:00+00:00,70.56,106.35,8.37,92.5,517.87,1.5,4.94,28.4,86,962.3,6.0,17,7,8,4,159,3.0,155.0
2026-08-07 18:00:00+00:00,74.34,111.71,9.1,87.34,548.2,1.4,5.26,28.6,85,962.1,5.0,18,7,8,4,161,2.0,154.0
2026-08-07 19:00:00+00:00,76.96,115.05,10.1,79.5,574.03,1.22,5.52,28.1,88,962.0,5.7,19,7,8,4,162,1.0,154.0
2026-08-07 20:00:00+00:00,79.98,118.22,11.28,70.07,604.77,1.04,5.77,27.7,88,962.1,5.5,20,7,8,4,164,2.0,155.0
2026-08-07 21:00:00+00:00,82.99,121.35,12.09,62.49,633.8,0.91,5.84,27.4,88,962.0,3.3,21,7,8,4,165,1.0,155.0
2026-08-07 22:00:00+00:00,85.25,123.79,12.71,55.87,656.7,0.84,5.81,27.2,88,962.3,3.9,22,7,8,4,166,1.0,155.0
2026-08-07 23:00:00+00:00,87.54,126.79,13.35,49.97,680.48,0.81,5.84,27.0,89,962.4,5.4,23,7,8,4,168,2.0,156.0
2026-08-08 00:00:00+00:00,89.87,130.0,14.11,45.01,703.86,0.82,6.03,27.0,78,962.4,9.7,0,8,8,5,169,1.0,156.0
2026-08-08 01:00:00+00:00,91.53,132.39,14.74,41.17,724.88,0.88,6.42,25.6,82,962.9,7.3,1,8,8,5,170,1.0,156.0
2026-08-08 02:00:00+00:00,93.16,135.89,14.98,38.97,750.76,0.97,6.91,26.5,81,963.1,3.0,2,8,8,5,170,0.0,156.0
2026-08-08 03:00:00+00:00,95.1,141.68,13.46,43.3,777.04,1.08,7.1,28.4,72,964.0,2.4,3,8,8,5,171,1.0,156.0
2026-08-08 04:00:00+00:00,84.27,157.07,3.69,110.43,488.06,2.43,2.7,29.8,67,964.1,0.8,4,8,8,5,166,-5.0,156.0
2026-08-08 05:00:00+00:00,78.0,148.04,1.78,123.72,415.41,2.29,1.59,31.0,66,964.1,1.0,5,8,8,5,163,-3.0,156.0
2026-08-08 06:00:00+00:00,76.4,143.87,1.18,128.86,391.95,2.15,1.26,32.4,62,964.5,1.9,6,8,8,5,162,-1.0,157.0
2026-08-08 07:00:00+00:00,74.18,140.83,0.87,131.55,366.61,2.01,0.97,33.2,59,964.2,2.6,7,8,8,5,161,-1.0,155.0
2026-08-08 08:00:00+00:00,72.96,136.54,0.78,130.98,352.3,1.84,0.89,33.9,55,963.6,1.3,8,8,8,5,160,-1.0,153.0
2026-08-08 09:00:00+00:00,73.77,133.37,0.8,130.96,353.66,1.75,0.89,34.6,51,962.9,1.9,9,8,8,5,160,0.0,152.0
2026-08-08 10:00:00+00:00,75.78,132.19,0.98,131.75,364.94,1.74,1.02,34.8,52,962.4,5.0,10,8,8,5,161,1.0,152.0
2026-08-08 11:00:00+00:00,77.68,130.64,1.33,131.67,380.53,1.76,1.3,34.7,53,962.0,6.6,11,8,8,5,162,1.0,153.0
2026-08-08 12:00:00+00:00,79.05,127.87,1.86,130.99,399.68,1.78,1.56,34.6,54,961.8,6.0,12,8,8,5,163,1.0,154.0
2026-08-08 13:00:00+00:00,81.18,125.49,3.41,125.18,436.49,1.77,2.38,33.3,62,962.2,0.2,13,8,8,5,164,1.0,155.0
2026-08-08 14:00:00+00:00,83.88,124.45,5.54,114.72,485.58,1.72,3.56,31.9,74,963.0,0.6,14,8,8,5,166,2.0,156.0
2026-08-08 15:00:00+00:00,85.76,123.63,6.84,106.33,528.9,1.65,4.49,30.5,82,963.5,3.4,15,8,8,5,167,1.0,156.0
2026-08-08 16:00:00+00:00,86.55,121.22,8.33,95.44,571.74,1.52,5.46,29.6,85,964.2,3.6,16,8,8,5,167,0.0,155.0
2026-08-08 17:00:00+00:00,88.29,120.83,10.01,84.48,623.23,1.4,6.33,29.0,87,964.6,4.7,17,8,8,5,168,1.0,154.0
2026-08-08 18:00:00+00:00,89.97,121.68,11.37,75.4,665.73,1.29,6.83,29.1,86,964.1,6.6,18,8,8,5,169,1.0,153.0
2026-08-08 19:00:00+00:00,90.55,121.73,12.23,67.61,690.44,1.14,6.89,28.4,87,964.4,6.0,19,8,8,5,169,0.0,146.0
2026-08-08 20:00:00+00:00,91.63,122.35,12.66,61.7,714.44,1.03,6.65,27.9,89,964.2,3.2,20,8,8,5,170,1.0,142.0
2026-08-08 21:00:00+00:00,92.97,122.96,12.92,57.07,738.05,0.95,6.19,27.6,91,964.3,1.8,21,8,8,5,170,0.0,140.0
2026-08-08 22:00:00+00:00,93.71,123.03,13.09,52.85,756.7,0.88,5.69,27.4,91,964.4,4.2,22,8,8,5,171,1.0,138.0
2026-08-08 23:00:00+00:00,94.73,124.03,13.39,48.99,774.35,0.85,5.49,27.4,90,964.5,2.5,23,8,8,5,171,0.0,138.0
2026-08-09 00:00:00+00:00,95.6,125.27,13.71,45.88,790.25,0.85,5.64,27.4,92,964.1,4.1,0,9,8,6,172,1.0,137.0
2026-08-09 01:00:00+00:00,95.37,125.63,13.68,43.79,799.24,0.87,5.75,27.2,93,964.6,2.0,1,9,8,6,172,0.0,136.0
2026-08-09 02:00:00+00:00,94.85,126.0,13.36,42.56,812.56,0.9,5.52,27.4,90,965.2,3.4,2,9,8,6,171,-1.0,135.0
2026-08-09 03:00:00+00:00,94.54,127.19,11.73,47.22,822.54,0.98,5.42,29.0,82,965.5,3.7,3,9,8,6,171,0.0,134.0
2026-08-09 04:00:00+00:00,86.87,121.49,4.09,110.83,689.98,2.04,2.89,30.8,74,965.8,3.0,4,9,8,6,167,-4.0,124.0
2026-08-09 05:00:00+00:00,83.94,116.09,2.81,127.98,667.13,2.09,2.73,32.3,66,965.8,2.1,5,9,8,6,166,-1.0,121.0
2026-08-09 06:00:00+00:00,84.47,114.57,2.37,140.39,664.98,2.12,3.21,33.3,60,965.5,3.2,6,9,8,6,166,0.0,117.0
2026-08-09 07:00:00+00:00,82.53,110.7,2.03,150.71,646.16,2.08,3.43,34.1,58,965.1,3.2,7,9,8,6,165,-1.0,96.0
2026-08-09 08:00:00+00:00,77.59,104.35,1.76,151.03,608.43,1.9,3.12,34.5,56,964.6,3.5,8,9,8,6,162,-3.0,84.0
2026-08-09 09:00:00+00:00,72.2,97.64,1.55,147.76,578.5,1.75,2.38,34.8,54,963.7,3.1,9,9,8,6,160,-2.0,79.0
2026-08-09 10:00:00+00:00,66.67,92.44,1.8,142.61,553.82,1.66,2.14,35.0,53,963.0,5.4,10,9,8,6,157,-3.0,80.0
2026-08-09 11:00:00+00:00,64.04,91.49,2.75,137.21,542.51,1.55,2.87,34.6,56,962.4,8.0,11,9,8,6,155,-2.0,84.0
2026-08-09 12:00:00+00:00,62.45,90.77,3.98,134.44,545.93,1.54,3.72,34.8,56,961.8,9.2,12,9,8,6,155,0.0,89.0
2026-08-09 13:00:00+00:00,62.59,90.78,6.88,126.43,577.91,1.64,5.38,33.3,63,961.5,8.4,13,9,8,6,155,0.0,96.0
2026-08-09 14:00:00+00:00,63.89,92.0,10.08,113.54,623.93,1.75,7.1,31.8,71,961.4,4.1,14,9,8,6,155,0.0,104.0
2026-08-09 15:00:00+00:00,65.46,94.33,11.66,102.3,664.72,1.81,8.5,31.4,72,961.7,2.4,15,9,8,6,156,1.0,111.0
2026-08-09 16:00:00+00:00,66.54,95.86,12.43,92.56,693.85,1.78,9.37,30.5,76,962.2,2.3,16,9,8,6,157,1.0,117.0
2026-08-09 17:00:00+00:00,68.05,97.7,12.65,85.48,721.04,1.7,9.68,29.8,82,962.3,3.6,17,9,8,6,157,0.0,124.0
2026-08-09 18:00:00+00:00,69.46,99.45,12.46,80.44,738.93,1.55,9.24,30.6,79,961.6,1.1,18,9,8,6,158,1.0,129.0
2026-08-09 19:00:00+00:00,69.44,99.24,11.7,76.87,733.04,1.29,7.69,29.8,81,961.7,1.9,19,9,8,6,158,0.0,132.0
2026-08-09 20:00:00+00:00,69.63,99.22,11.61,71.6,738.14,1.11,6.85,29.1,84,961.6,2.9,20,9,8,6,158,0.0,135.0
2026-08-09 21:00:00+00:00,70.01,99.73,11.78,66.02,747.41,1.01,6.59,28.5,85,961.5,3.8,21,9,8,6,158,0.0,139.0
2026-08-09 22:00:00+00:00,70.24,100.47,12.09,60.39,754.72,0.93,6.42,28.0,85,961.6,4.1,22,9,8,6,159,1.0,143.0
2026-08-09 23:00:00+00:00,70.77,101.6,12.55,54.77,767.11,0.86,6.1,27.5,87,961.7,3.5,23,9,8,6,159,0.0,146.0
2026-08-10 00:00:00+00:00,71.23,102.48,13.12,49.46,780.84,0.82,5.79,28.0,83,961.9,3.6,0,10,8,0,159,0.0,149.0
2026-08-10 01:00:00+00:00,71.12,102.67,13.54,44.88,792.06,0.8,5.54,27.4,88,962.2,4.4,1,10,8,0,159,0.0,151.0
2026-08-10 02:00:00+00:00,71.35,104.35,13.84,42.26,811.08,0.89,5.62,28.3,85,962.8,2.7,2,10,8,0,159,0.0,151.0
2026-08-10 03:00:00+00:00,71.51,108.11,12.19,49.93,815.78,1.1,5.6,29.7,77,963.3,3.6,3,10,8,0,159,0.0,152.0
2026-08-10 04:00:00+00:00,59.88,104.8,3.22,110.22,564.61,2.25,2.22,30.8,75,963.2,4.8,4,10,8,0,153,-6.0,129.0
2026-08-10 05:00:00+00:00,56.86,100.67,1.62,123.15,506.02,2.05,1.56,32.1,72,963.0,4.1,5,10,8,0,152,-1.0,123.0
2026-08-10 06:00:00+00:00,56.75,100.03,1.16,128.57,486.84,1.95,1.41,33.2,66,963.1,1.6,6,10,8,0,152,0.0,122.0
2026-08-10 07:00:00+00:00,56.02,100.88,0.94,131.11,464.1,1.82,1.25,33.9,63,962.6,1.4,7,10,8,0,151,-1.0,112.0
2026-08-10 08:00:00+00:00,53.98,101.31,0.83,130.2,432.1,1.66,1.13,34.6,60,961.8,0.3,8,10,8,0,147,-4.0,105.0
2026-08-10 09:00:00+00:00,53.08,101.38,0.84,129.62,416.16,1.61,1.11,35.3,56,960.8,0.7,9,10,8,0,144,-3.0,100.0
2026-08-10 10:00:00+00:00,53.74,102.84,1.01,131.04,415.77,1.67,1.25,35.7,53,959.9,1.1,10,10,8,0,146,2.0,97.0
2026-08-10 11:00:00+00:00,55.38,103.14,1.41,131.68,429.76,1.84,1.57,35.6,54,959.1,3.8,11,10,8,0,150,4.0,102.0
2026-08-10 12:00:00+00:00,56.77,102.38,2.03,131.27,450.37,2.02,1.9,35.1,57,958.6,7.4,12,10,8,0,152,2.0,109.0
2026-08-10 13:00:00+00:00,58.54,101.62,3.46,127.05,484.91,2.1,2.56,33.6,67,958.7,8.1,13,10,8,0,153,1.0,118.0
2026-08-10 14:00:00+00:00,60.42,100.96,5.29,118.61,526.31,2.06,3.44,32.4,71,958.8,8.1,14,10,8,0,154,1.0,129.0
2026-08-10 15:00:00+00:00,61.88,100.4,6.24,111.31,561.06,1.95,4.17,31.6,78,959.6,2.9,15,10,8,0,154,0.0,138.0
2026-08-10 16:00:00+00:00,62.05,97.81,6.83,103.66,583.43,1.75,4.73,30.9,83,960.4,1.6,16,10,8,0,154,0.0,146.0
2026-08-10 17:00:00+00:00,62.32,95.93,7.35,97.45,605.68,1.57,5.14,30.2,87,960.7,3.8,17,10,8,0,155,1.0,152.0
2026-08-10 18:00:00+00:00,62.23,94.5,7.53,93.87,619.29,1.43,5.2,30.4,87,960.0,4.7,18,10,8,0,154,-1.0,153.0
2026-08-10 19:00:00+00:00,61.96,92.86,7.98,88.44,628.48,1.25,5.26,29.6,89,960.2,4.8,19,10,8,0,154,0.0,154.0
2026-08-10 20:00:00+00:00,62.52,92.27,8.94,80.42,649.61,1.09,5.57,29.0,87,959.9,7.1,20,10,8,0,155,1.0,154.0
2026-08-10 21:00:00+00:00,63.01,91.84,9.57,74.66,667.71,0.99,5.69,28.5,86,959.8,5.2,21,10,8,0,155,0.0,155.0
2026-08-10 22:00:00+00:00,63.53,91.87,9.95,70.44,681.34,0.96,5.64,28.0,83,960.3,10.8,22,10,8,0,155,0.0,156.0
2026-08-10 23:00:00+00:00,64.27,92.95,10.09,68.37,693.78,0.98,5.57,26.8,83,961.3,14.1,23,10,8,0,156,1.0,156.0
2026-08-11 00:00:00+00:00,64.86,94.51,9.71,70.85,699.87,1.1,5.53,27.8,84,960.8,6.1,0,11,8,1,156,0.0,157.0
2026-08-11 01:00:00+00:00,64.59,95.75,8.81,77.75,693.18,1.34,5.59,27.8,87,961.5,2.6,1,11,8,1,156,0.0,157.0
2026-08-11 02:00:00+00:00,64.98,98.06,8.8,80.67,703.34,1.63,5.79,28.6,86,961.9,2.4,2,11,8,1,156,0.0,156.0
2026-08-11 03:00:00+00:00,65.93,102.18,8.13,87.95,709.98,2.11,5.67,30.1,78,962.6,3.7,3,11,8,1,156,0.0,156.0
2026-08-11 04:00:00+00:00,64.85,105.75,5.55,108.76,649.75,2.51,4.04,31.5,71,962.7,4.9,4,11,8,1,156,0.0,152.0
2026-08-11 05:00:00+00:00,64.49,107.38,3.8,121.79,599.35,2.52,3.09,32.7,67,963.0,3.2,5,11,8,1,156,0.0,146.0
2026-08-11 06:00:00+00:00,66.72,110.76,2.36,134.19,558.59,2.74,2.35,33.9,62,963.0,3.1,6,11,8,1,157,1.0,149.0
2026-08-11 07:00:00+00:00,62.31,112.01,1.06,137.06,443.02,3.47,0.7,34.5,60,962.6,2.3,7,11,8,1,155,-2.0,145.0
2026-08-11 08:00:00+00:00,58.7,110.74,0.85,133.23,377.62,3.16,0.33,35.0,58,961.7,1.5,8,11,8,1,153,-2.0,144.0
2026-08-11 09:00:00+00:00,56.61,107.93,0.82,131.64,351.61,2.85,0.22,36.0,53,961.1,1.9,9,11,8,1,152,-1.0,147.0
2026-08-11 10:00:00+00:00,56.86,108.07,0.97,132.04,346.99,2.72,0.27,36.2,53,960.3,1.3,10,11,8,1,152,0.0,151.0
2026-08-11 11:00:00+00:00,59.23,110.4,1.33,131.46,359.75,2.75,0.44,35.7,56,959.7,2.7,11,11,8,1,153,1.0,152.0
2026-08-11 12:00:00+00:00,61.01,111.83,1.87,130.32,378.7,2.73,0.69,36.1,52,959.7,1.7,12,11,8,1,154,1.0,152.0
2026-08-11 13:00:00+00:00,62.8,112.12,3.35,125.07,416.49,2.61,1.47,35.0,60,959.7,3.4,13,11,8,1,155,1.0,152.0
2026-08-11 14:00:00+00:00,64.61,111.63,5.35,116.17,466.45,2.45,2.58,33.1,72,959.5,5.5,14,11,8,1,156,1.0,152.0
2026-08-11 15:00:00+00:00,65.57,110.24,6.5,109.14,511.91,2.28,3.43,32.0,78,960.3,5.8,15,11,8,1,156,0.0,151.0
2026-08-11 16:00:00+00:00,64.18,104.82,6.93,103.23,545.31,2.03,3.93,31.2,81,961.0,6.5,16,11,8,1,155,-1.0,147.0
2026-08-11 17:00:00+00:00,61.89,98.23,6.78,100.88,576.03,1.83,4.1,30.6,82,961.6,5.1,17,11,8,1,154,-1.0,147.0
2026-08-11 18:00:00+00:00,58.86,91.14,6.2,101.38,598.6,1.69,4.0,30.6,83,961.2,5.2,18,11,8,1,153,-1.0,148.0
2026-08-11 19:00:00+00:00,53.71,82.51,4.64,107.61,600.62,1.63,3.29,28.7,90,961.6,4.8,19,11,8,1,146,-7.0,149.0
2026-08-11 20:00:00+00:00,52.11,78.42,4.81,104.1,625.49,1.57,3.49,27.7,89,962.0,12.6,20,11,8,1,142,-4.0,151.0
2026-08-11 21:00:00+00:00,51.22,75.85,5.08,99.23,653.25,1.59,3.71,25.2,96,963.3,14.8,21,11,8,1,140,-2.0,152.0
2026-08-11 22:00:00+00:00,50.53,73.48,5.43,93.65,678.47,1.66,3.81,25.3,95,964.2,6.2,22,11,8,1,138,-2.0,153.0
2026-08-11 23:00:00+00:00,50.41,71.66,5.81,88.77,705.35,1.67,3.71,25.4,95,964.5,8.2,23,11,8,1,138,0.0,153.0
2026-08-12 00:00:00+00:00,50.31,69.98,6.09,84.9,734.33,1.63,3.43,24.5,99,964.9,7.2,0,12,8,2,137,-1.0,153.0
2026-08-12 01:00:00+00:00,49.7,67.4,6.19,80.64,756.58,1.73,2.94,25.0,96,965.8,4.2,1,12,8,2,136,-1.0,153.0
2026-08-12 02:00:00+00:00,49.39,65.66,6.56,77.6,787.56,1.91,2.63,25.4,93,966.4,6.2,2,12,8,2,135,-1.0,153.0
2026-08-12 03:00:00+00:00,48.72,64.15,6.61,78.63,816.04,2.07,2.38,26.4,87,966.6,6.0,3,12,8,2,134,-1.0,153.0
2026-08-12 04:00:00+00:00,44.67,58.79,4.79,88.72,808.95,2.06,1.77,27.6,81,966.9,5.2,4,12,8,2,124,-10.0,145.0
2026-08-12 05:00:00+00:00,43.49,56.58,4.41,92.98,810.16,1.95,1.66,28.6,76,966.9,3.7,5,12,8,2,121,-3.0,143.0
2026-08-12 06:00:00+00:00,41.82,53.96,4.18,95.89,804.95,1.84,1.51,28.6,75,967.2,3.2,6,12,8,2,117,-4.0,149.0
2026-08-12 07:00:00+00:00,33.35,45.2,3.19,101.07,728.85,1.77,1.01,30.4,68,966.3,0.4,7,12,8,2,96,-21.0,149.0
2026-08-12 08:00:00+00:00,27.88,39.83,2.64,102.62,648.18,1.61,0.78,31.3,66,965.2,1.1,8,12,8,2,84,-12.0,147.0
2026-08-12 09:00:00+00:00,25.53,36.98,2.45,103.87,604.66,1.51,0.73,32.5,61,964.0,1.5,9,12,8,2,79,-5.0,148.0
2026-08-12 10:00:00+00:00,25.66,37.6,2.75,104.36,586.22,1.52,1.09,32.8,61,963.0,2.8,10,12,8,2,80,1.0,152.0
2026-08-12 11:00:00+00:00,27.88,40.98,3.42,103.57,584.8,1.64,1.77,32.8,62,961.8,3.4,11,12,8,2,84,4.0,153.0
2026-08-12 12:00:00+00:00,30.31,44.48,4.24,103.9,587.07,1.77,2.43,32.5,62,961.9,1.3,12,12,8,2,89,5.0,153.0
2026-08-12 13:00:00+00:00,33.33,48.7,6.91,97.93,623.4,1.88,3.75,31.5,68,961.6,3.4,13,12,8,2,96,7.0,154.0
2026-08-12 14:00:00+00:00,36.54,53.51,10.1,85.6,675.14,1.89,5.06,29.8,83,961.9,2.0,14,12,8,2,104,8.0,155.0
2026-08-12 15:00:00+00:00,39.5,58.29,11.91,75.43,717.77,1.83,5.96,28.9,86,962.5,4.3,15,12,8,2,111,7.0,156.0
2026-08-12 16:00:00+00:00,42.11,62.36,12.93,67.74,747.64,1.71,6.61,28.6,88,963.6,1.5,16,12,8,2,117,6.0,156.0
2026-08-12 17:00:00+00:00,44.71,66.45,13.58,61.88,776.88,1.64,7.29,28.3,89,964.5,0.7,17,12,8,2,124,7.0,157.0
2026-08-12 18:00:00+00:00,46.73,70.09,14.08,57.06,796.36,1.58,7.72,28.6,88,964.3,2.3,18,12,8,2,129,5.0,157.0
2026-08-12 19:00:00+00:00,47.89,72.59,14.22,52.95,796.48,1.48,7.77,28.0,91,964.5,4.9,19,12,8,2,132,3.0,157.0
2026-08-12 20:00:00+00:00,49.44,75.09,14.68,47.22,807.43,1.32,7.74,27.6,93,964.7,2.4,20,12,8,2,135,3.0,157.0
2026-08-12 21:00:00+00:00,51.08,77.51,15.14,41.61,822.57,1.17,7.61,27.5,94,964.9,1.2,21,12,8,2,139,4.0,157.0
2026-08-12 22:00:00+00:00,52.42,79.61,15.58,36.25,836.11,1.05,7.37,27.4,94,964.7,2.0,22,12,8,2,143,4.0,157.0
2026-08-12 23:00:00+00:00,53.74,81.91,16.09,31.86,851.99,0.97,7.2,27.4,93,964.7,2.1,23,12,8,2,146,3.0,157.0
2026-08-13 00:00:00+00:00,55.1,84.26,16.66,28.35,870.55,0.94,7.09,27.6,90,964.8,3.8,0,13,8,3,149,3.0,157.0
2026-08-13 01:00:00+00:00,55.77,85.79,16.96,25.92,885.39,0.93,6.97,27.3,91,965.0,1.8,1,13,8,3,151,2.0,157.0
2026-08-13 02:00:00+00:00,56.12,87.13,16.65,25.46,907.02,1.01,7.02,28.4,89,965.0,1.0,2,13,8,3,151,0.0,157.0
2026-08-13 03:00:00+00:00,56.88,89.33,14.77,32.95,928.35,1.21,7.12,30.1,78,965.0,1.0,3,13,8,3,152,1.0,158.0
2026-08-13 04:00:00+00:00,47.04,82.34,6.3,83.99,585.39,1.68,2.84,31.7,70,964.9,0.5,4,13,8,3,129,-23.0,153.0
2026-08-13 05:00:00+00:00,44.58,77.28,4.68,94.07,517.82,1.41,2.06,33.0,65,964.4,1.1,5,13,8,3,123,-6.0,152.0
2026-08-13 06:00:00+00:00,43.99,75.12,3.56,101.15,480.52,1.49,1.6,34.0,61,964.6,3.1,6,13,8,3,122,-1.0,153.0
2026-08-13 07:00:00+00:00,39.9,70.09,1.64,112.47,417.48,1.8,0.81,34.9,58,963.6,3.4,7,13,8,3,112,-10.0,152.0
2026-08-13 08:00:00+00:00,37.31,65.58,1.5,113.07,398.93,1.68,0.8,35.6,56,962.8,3.6,8,13,8,3,105,-7.0,145.0
2026-08-13 09:00:00+00:00,35.17,61.57,1.66,112.0,394.92,1.7,0.86,36.1,52,961.9,3.5,9,13,8,3,100,-5.0,141.0
2026-08-13 10:00:00+00:00,34.04,60.05,1.94,111.31,397.72,1.87,0.98,36.4,50,960.9,1.8,10,13,8,3,97,-3.0,141.0
2026-08-13 11:00:00+00:00,35.73,63.69,2.28,110.49,405.59,2.26,1.18,36.2,51,960.3,4.3,11,13,8,3,102,5.0,146.0
2026-08-13 12:00:00+00:00,38.58,69.21,2.74,110.17,415.16,2.67,1.34,35.5,55,959.8,10.9,12,13,8,3,109,7.0,147.0
2026-08-13 13:00:00+00:00,42.52,76.02,4.54,104.2,442.65,2.92,2.06,33.7,63,959.8,9.8,13,13,8,3,118,9.0,149.0
2026-08-13 14:00:00+00:00,46.74,82.68,7.28,92.74,484.58,2.92,3.25,32.6,70,959.9,6.6,14,13,8,3,129,11.0,151.0
2026-08-13 15:00:00+00:00,50.59,88.77,8.92,84.1,521.74,2.78,4.27,31.7,76,960.5,5.0,15,13,8,3,138,9.0,152.0
2026-08-13 16:00:00+00:00,53.64,93.13,9.78,78.25,547.27,2.53,4.93,30.9,82,961.3,6.2,16,13,8,3,146,8.0,152.0
2026-08-13 17:00:00+00:00,56.56,97.19,10.01,75.21,568.24,2.36,5.18,30.2,83,961.7,5.7,17,13,8,3,152,6.0,152.0
2026-08-13 18:00:00+00:00,58.97,100.1,9.98,73.06,578.4,2.3,5.14,30.7,80,961.1,5.1,18,13,8,3,153,1.0,152.0
2026-08-13 19:00:00+00:00,60.4,101.27,9.73,70.14,572.59,2.29,4.87,30.0,83,961.3,4.1,19,13,8,3,154,1.0,152.0
2026-08-13 20:00:00+00:00,61.92,102.7,9.71,66.05,571.94,2.17,4.73,29.5,84,961.0,6.1,20,13,8,3,154,0.0,152.0
2026-08-13 21:00:00+00:00,63.24,104.17,9.62,62.15,571.5,2.07,4.48,28.9,84,960.8,6.0,21,13,8,3,155,1.0,152.0
2026-08-13 22:00:00+00:00,64.26,105.15,9.73,57.7,570.76,1.91,4.15,27.5,86,961.1,10.2,22,13,8,3,156,1.0,151.0
2026-08-13 23:00:00+00:00,65.5,106.2,10.18,52.89,578.49,1.73,3.82,25.5,95,961.7,12.1,23,13,8,3,156,0.0,152.0
2026-08-14 00:00:00+00:00,66.48,106.76,10.62,49.03,589.32,1.61,3.51,28.5,86,960.8,8.4,0,14,8,4,157,1.0,152.0
2026-08-14 01:00:00+00:00,66.2,105.96,10.82,46.17,596.18,1.51,3.39,27.3,89,961.3,9.7,1,14,8,4,157,0.0,151.0
2026-08-14 02:00:00+00:00,65.97,106.66,11.0,44.46,606.25,1.6,3.79,26.3,95,962.6,3.7,2,14,8,4,156,-1.0,500.0
2026-08-14 03:00:00+00:00,66.15,109.61,9.57,49.89,600.1,2.01,3.97,27.2,92,962.9,3.0,3,14,8,4,156,0.0,150.0
2026-08-14 04:00:00+00:00,56.78,101.67,3.37,92.72,387.47,3.21,0.9,28.6,82,963.2,4.2,4,14,8,4,152,-4.0,147.0
2026-08-14 05:00:00+00:00,53.65,94.95,2.13,104.95,344.47,2.9,0.58,30.7,75,963.6,4.3,5,14,8,4,146,-6.0,152.0
2026-08-14 06:00:00+00:00,54.83,95.27,1.67,111.58,337.43,2.87,0.52,31.0,73,963.6,6.7,6,14,8,4,149,3.0,156.0
2026-08-14 07:00:00+00:00,53.5,90.03,1.38,116.03,332.19,2.88,0.39,31.5,72,963.7,1.2,7,14,8,4,145,-4.0,155.0
2026-08-14 08:00:00+00:00,53.16,85.67,1.29,118.82,337.17,2.63,0.49,32.5,69,962.7,1.3,8,14,8,4,144,-1.0,152.0
2026-08-14 09:00:00+00:00,54.38,85.6,1.27,122.52,341.26,2.48,0.65,33.4,66,962.4,5.9,9,14,8,4,147,3.0,152.0
2026-08-14 10:00:00+00:00,56.19,87.56,1.49,125.51,346.42,2.43,1.01,33.8,65,961.6,9.8,10,14,8,4,151,4.0,152.0
2026-08-14 11:00:00+00:00,57.11,88.8,2.02,125.95,353.61,2.45,1.54,33.5,67,961.2,12.1,11,14,8,4,152,1.0,152.0
2026-08-14 12:00:00+00:00,57.01,89.12,2.85,124.03,363.91,2.53,2.07,34.3,65,961.0,10.1,12,14,8,4,152,0.0,151.0
2026-08-14 13:00:00+00:00,57.02,90.2,4.06,120.15,381.19,2.61,2.56,33.1,72,960.9,12.9,13,14,8,4,152,0.0,151.0
2026-08-14 14:00:00+00:00,56.87,91.07,5.01,114.5,398.06,2.61,2.77,31.7,74,961.3,15.7,14,14,8,4,152,0.0,152.0
2026-08-14 15:00:00+00:00,55.94,90.28,5.01,111.88,409.18,2.55,2.77,29.4,74,962.3,18.4,15,14,8,4,151,-1.0,153.0
2026-08-14 16:00:00+00:00,54.19,86.83,4.72,109.81,420.55,2.33,2.72,25.8,86,963.7,14.5,16,14,8,4,147,-4.0,153.0
2026-08-14 17:00:00+00:00,54.15,84.75,4.72,107.6,445.82,2.07,2.9,25.8,87,964.1,13.1,17,14,8,4,147,0.0,152.0
2026-08-14 18:00:00+00:00,54.73,83.73,4.66,106.32,470.07,1.86,2.98,27.9,81,963.4,3.2,18,14,8,4,148,1.0,152.0
2026-08-14 19:00:00+00:00,54.98,81.69,4.71,102.85,486.32,1.71,2.86,27.3,87,963.4,0.4,19,14,8,4,149,1.0,149.0
2026-08-14 20:00:00+00:00,56.3,80.34,4.92,99.06,510.35,1.53,2.59,27.0,88,963.2,4.2,20,14,8,4,151,2.0,146.0
2026-08-14 21:00:00+00:00,57.84,79.39,4.96,96.11,534.06,1.38,2.26,26.9,88,962.9,4.8,21,14,8,4,152,1.0,144.0
2026-08-14 22:00:00+00:00,58.6,78.77,4.88,93.11,547.91,1.25,2.04,26.8,89,962.9,4.3,22,14,8,4,153,1.0,142.0
2026-08-14 23:00:00+00:00,59.4,79.76,4.85,91.12,563.34,1.15,1.96,26.5,90,962.7,2.9,23,14,8,4,153,0.0,139.0
2026-08-15 00:00:00+00:00,59.91,80.98,4.88,89.31,578.57,1.07,1.97,27.1,95,963.2,2.3,0,15,8,5,153,0.0,136.0
2026-08-15 01:00:00+00:00,59.56,81.48,4.77,87.73,589.5,1.02,2.02,26.2,98,963.8,9.8,1,15,8,5,153,0.0,131.0
2026-08-15 02:00:00+00:00,58.9,81.84,4.88,85.74,600.26,1.03,2.22,26.2,95,964.5,8.0,2,15,8,5,153,0.0,129.0
2026-08-15 03:00:00+00:00,58.41,82.73,4.78,86.42,609.21,1.1,2.5,27.4,85,965.2,5.2,3,15,8,5,153,0.0,128.0
2026-08-15 04:00:00+00:00,53.37,85.49,2.63,105.6,518.96,1.81,1.53,28.7,76,965.6,5.3,4,15,8,5,145,-8.0,115.0
2026-08-15 05:00:00+00:00,52.59,88.01,1.74,115.24,474.63,2.01,1.24,30.7,68,965.9,1.4,5,15,8,5,143,-2.0,114.0
2026-08-15 06:00:00+00:00,55.09,91.14,1.34,122.62,462.29,2.05,1.17,32.4,61,965.3,3.6,6,15,8,5,149,6.0,121.0
2026-08-15 07:00:00+00:00,54.94,92.75,1.04,125.72,418.29,2.19,0.86,32.4,62,964.8,5.5,7,15,8,5,149,0.0,127.0
2026-08-15 08:00:00+00:00,53.99,92.27,0.93,123.8,374.86,2.24,0.66,32.7,63,963.9,4.9,8,15,8,5,147,-2.0,130.0
2026-08-15 09:00:00+00:00,54.73,92.51,0.94,122.71,358.0,2.23,0.6,33.2,61,963.0,7.1,9,15,8,5,148,1.0,130.0
2026-08-15 10:00:00+00:00,56.62,94.11,1.21,122.57,356.0,2.27,0.87,34.0,59,961.8,4.6,10,15,8,5,152,4.0,134.0
2026-08-15 11:00:00+00:00,58.8,96.53,1.69,122.61,359.28,2.34,1.45,34.0,60,961.0,6.6,11,15,8,5,153,1.0,137.0
2026-08-15 12:00:00+00:00,60.29,99.08,2.36,122.74,361.69,2.4,2.06,34.1,60,960.5,9.3,12,15,8,5,153,0.0,139.0
2026-08-15 13:00:00+00:00,61.96,102.86,3.89,118.77,374.83,2.43,3.02,32.7,68,960.4,9.4,13,15,8,5,154,1.0,141.0
2026-08-15 14:00:00+00:00,63.72,106.84,5.63,109.34,396.18,2.38,3.98,31.4,73,960.5,8.1,14,15,8,5,155,1.0,146.0
2026-08-15 15:00:00+00:00,65.22,110.46,6.53,100.33,413.85,2.27,4.51,30.8,77,960.5,5.5,15,15,8,5,156,1.0,151.0
2026-08-15 16:00:00+00:00,66.0,112.6,7.11,92.42,425.75,2.06,4.69,29.9,82,961.3,4.9,16,15,8,5,156,0.0,152.0
2026-08-15 17:00:00+00:00,66.89,114.75,7.57,86.22,438.27,1.88,4.87,29.3,85,961.8,4.8,17,15,8,5,157,1.0,152.0
2026-08-15 18:00:00+00:00,67.56,116.58,7.96,80.58,447.34,1.72,4.94,29.8,84,961.2,5.9,18,15,8,5,157,0.0,153.0
2026-08-15 19:00:00+00:00,67.45,117.15,8.29,74.8,447.84,1.57,4.87,29.2,83,961.1,7.3,19,15,8,5,157,0.0,153.0
2026-08-15 20:00:00+00:00,67.35,117.98,8.56,69.8,446.85,1.47,4.87,28.7,83,960.9,5.5,20,15,8,5,157,0.0,152.0
2026-08-15 21:00:00+00:00,67.0,119.11,8.64,66.36,442.03,1.44,4.87,28.2,85,960.6,3.1,21,15,8,5,157,0.0,151.0
2026-08-15 22:00:00+00:00,66.49,120.18,8.66,63.34,434.44,1.43,4.88,27.8,86,960.4,3.2,22,15,8,5,157,0.0,146.0
2026-08-15 23:00:00+00:00,67.05,121.29,9.21,58.2,443.46,1.36,5.09,27.8,87,960.5,1.4,23,15,8,5,157,0.0,142.0
2026-08-16 00:00:00+00:00,67.76,121.92,9.87,53.52,456.89,1.3,5.35,27.0,97,960.7,3.9,0,16,8,6,157,0.0,139.0
2026-08-16 01:00:00+00:00,67.87,121.1,10.38,48.88,469.47,1.25,5.51,26.3,97,961.3,12.0,1,16,8,6,157,0.0,134.0
2026-08-16 02:00:00+00:00,67.99,121.15,10.71,44.89,488.91,1.21,5.42,26.8,93,961.6,5.4,2,16,8,6,157,0.0,129.0
2026-08-16 03:00:00+00:00,68.46,122.75,9.6,46.47,507.3,1.26,5.32,28.2,84,961.8,1.0,3,16,8,6,158,1.0,127.0
2026-08-16 04:00:00+00:00,58.71,130.42,3.2,84.47,331.79,3.25,1.71,29.8,77,961.9,2.8,4,16,8,6,153,-5.0,130.0
2026-08-16 05:00:00+00:00,56.9,127.51,1.81,97.22,291.55,3.38,1.08,31.4,72,961.6,2.4,5,16,8,6,152,-1.0,132.0
2026-08-16 06:00:00+00:00,58.78,127.05,1.31,104.87,281.92,3.28,0.97,32.7,66,961.8,4.0,6,16,8,6,153,1.0,140.0
2026-08-16 07:00:00+00:00,57.11,122.75,0.98,109.83,260.38,3.16,0.72,33.6,63,961.3,4.3,7,16,8,6,152,-1.0,141.0
2026-08-16 08:00:00+00:00,53.21,114.06,0.81,111.44,236.42,2.85,0.54,34.3,59,960.8,5.4,8,16,8,6,145,-7.0,142.0
2026-08-16 09:00:00+00:00,51.64,109.63,0.77,111.85,224.89,2.69,0.49,35.1,53,960.1,6.9,9,16,8,6,141,-4.0,144.0
2026-08-16 10:00:00+00:00,51.94,109.56,0.88,112.29,222.15,2.66,0.59,35.2,52,959.5,7.4,10,16,8,6,141,0.0,146.0
2026-08-16 11:00:00+00:00,53.74,113.0,1.17,110.96,226.06,2.74,0.86,34.9,54,959.0,9.4,11,16,8,6,146,5.0,149.0
2026-08-16 12:00:00+00:00,54.36,115.38,1.6,108.88,229.26,2.79,1.12,34.8,56,958.9,15.0,12,16,8,6,147,1.0,500.0
2026-08-16 13:00:00+00:00,54.95,117.05,3.01,102.54,244.75,2.71,1.93,33.8,63,958.9,11.0,13,16,8,6,149,2.0,151.0
2026-08-16 14:00:00+00:00,55.84,118.13,5.01,93.33,270.87,2.55,3.06,32.3,69,959.2,8.8,14,16,8,6,151,2.0,152.0
2026-08-16 15:00:00+00:00,56.68,119.29,6.35,86.41,294.47,2.41,3.98,31.4,72,959.9,5.5,15,16,8,6,152,1.0,152.0
2026-08-16 16:00:00+00:00,56.68,118.77,7.29,80.52,312.18,2.24,4.7,30.6,76,960.9,4.3,16,16,8,6,152,0.0,148.0
2026-08-16 17:00:00+00:00,57.08,119.31,8.05,75.81,329.64,2.08,5.17,30.0,78,961.5,6.0,17,16,8,6,152,0.0,145.0
2026-08-16 18:00:00+00:00,57.51,120.18,8.73,71.36,343.78,1.93,5.43,30.6,76,960.9,5.6,18,16,8,6,152,0.0,141.0
2026-08-16 19:00:00+00:00,57.42,120.04,9.29,66.36,351.79,1.75,5.53,30.0,77,960.6,3.7,19,16,8,6,152,0.0,137.0
2026-08-16 20:00:00+00:00,57.35,120.03,9.74,61.68,357.75,1.61,5.63,29.4,79,960.5,8.5,20,16,8,6,152,0.0,134.0
2026-08-16 21:00:00+00:00,56.99,120.35,9.78,58.58,357.38,1.54,5.51,26.5,90,961.2,16.6,21,16,8,6,152,0.0,132.0
2026-08-16 22:00:00+00:00,56.38,120.91,9.35,57.58,349.52,1.54,5.12,25.8,94,961.7,8.3,22,16,8,6,151,-1.0,128.0
2026-08-16 23:00:00+00:00,56.49,121.52,9.34,55.71,352.01,1.52,4.99,25.4,98,961.4,6.7,23,16,8,6,152,1.0,125.0
2026-08-17 00:00:00+00:00,56.61,122.39,9.16,54.99,355.38,1.58,4.97,26.2,98,960.9,5.6,0,17,8,0,152,0.0,123.0
2026-08-17 01:00:00+00:00,55.91,120.53,8.76,54.71,356.31,1.69,5.03,26.1,97,961.3,2.6,1,17,8,0,151,-1.0,119.0
2026-08-17 02:00:00+00:00,55.48,118.0,8.77,53.23,368.52,1.73,4.69,26.6,97,961.6,2.3,2,17,8,0,500,349.0,114.0
2026-08-17 03:00:00+00:00,55.28,116.76,8.21,53.92,382.19,1.8,4.26,28.1,86,962.0,2.3,3,17,8,0,150,-350.0,111.0
2026-08-17 04:00:00+00:00,54.11,118.34,5.92,62.97,352.8,2.27,3.52,29.7,77,962.3,1.8,4,17,8,0,147,-3.0,104.0
2026-08-17 05:00:00+00:00,56.73,121.48,4.37,74.99,344.14,2.45,3.33,30.8,73,962.3,2.7,5,17,8,0,152,5.0,106.0
2026-08-17 06:00:00+00:00,64.94,129.86,2.9,92.84,334.87,2.55,3.1,32.3,66,962.7,4.1,6,17,8,0,156,4.0,118.0
2026-08-17 07:00:00+00:00,62.28,129.09,1.4,103.53,268.72,2.94,1.54,33.0,64,961.8,4.0,7,17,8,0,155,-1.0,127.0
2026-08-17 08:00:00+00:00,58.26,120.99,1.0,106.28,238.99,2.71,0.99,33.9,61,961.3,4.2,8,17,8,0,152,-3.0,133.0
2026-08-17 09:00:00+00:00,57.06,117.2,0.94,108.34,230.65,2.56,0.88,34.7,59,960.7,4.3,9,17,8,0,152,0.0,139.0
2026-08-17 10:00:00+00:00,57.1,116.72,1.04,110.73,230.14,2.53,0.95,35.3,56,960.2,3.2,10,17,8,0,152,0.0,144.0
2026-08-17 11:00:00+00:00,57.16,115.61,1.37,111.36,233.73,2.57,1.2,35.7,52,959.7,3.5,11,17,8,0,152,0.0,144.0
2026-08-17 12:00:00+00:00,56.33,113.1,1.92,110.23,238.22,2.61,1.46,34.9,60,959.5,9.4,12,17,8,0,151,-1.0,141.0
2026-08-17 13:00:00+00:00,56.44,112.83,3.0,106.74,250.08,2.59,1.92,33.5,70,959.5,9.2,13,17,8,0,151,0.0,140.0
2026-08-17 14:00:00+00:00,57.88,114.72,4.28,101.7,268.58,2.54,2.58,31.8,78,959.9,7.8,14,17,8,0,152,1.0,142.0
2026-08-17 15:00:00+00:00,58.73,116.02,5.01,97.09,284.09,2.46,3.14,30.9,80,960.6,6.3,15,17,8,0,153,1.0,142.0
2026-08-17 16:00:00+00:00,58.41,115.04,5.44,92.46,294.27,2.31,3.55,30.3,83,961.4,3.7,16,17,8,0,153,0.0,141.0
2026-08-17 17:00:00+00:00,57.77,113.91,5.76,88.73,303.89,2.18,3.86,29.6,86,962.2,4.6,17,17,8,0,152,-1.0,140.0
2026-08-17 18:00:00+00:00,56.64,112.56,6.0,85.41,309.62,2.08,4.02,28.7,87,961.8,7.1,18,17,8,0,152,0.0,139.0
2026-08-17 19:00:00+00:00,54.99,110.34,6.15,81.63,309.4,2.03,4.02,27.8,90,962.3,9.9,19,17,8,0,149,-3.0,138.0
2026-08-17 20:00:00+00:00,53.83,108.66,6.27,77.97,311.35,2.01,3.97,27.4,90,962.6,9.4,20,17,8,0,146,-3.0,136.0
2026-08-17 21:00:00+00:00,52.92,107.78,6.32,74.91,313.86,2.04,3.9,26.5,93,962.2,8.3,21,17,8,0,144,-2.0,135.0
2026-08-17 22:00:00+00:00,51.98,106.47,6.25,72.43,315.93,2.17,3.74,25.1,97,962.8,8.8,22,17,8,0,142,-2.0,135.0
2026-08-17 23:00:00+00:00,51.02,102.76,6.16,71.08,319.89,2.26,3.32,24.7,100,963.0,5.5,23,17,8,0,139,-3.0,136.0
2026-08-18 00:00:00+00:00,49.7,96.74,5.8,71.68,320.99,2.36,2.77,25.6,99,962.3,3.4,0,18,8,1,136,-3.0,135.0
2026-08-18 01:00:00+00:00,47.66,91.42,5.09,73.07,312.3,2.21,2.31,25.5,99,962.8,6.1,1,18,8,1,131,-5.0,132.0
2026-08-18 02:00:00+00:00,46.83,90.81,5.04,72.53,314.54,2.09,2.26,26.2,95,963.8,3.1,2,18,8,1,129,-2.0,128.0
2026-08-18 03:00:00+00:00,46.32,91.49,4.98,72.11,321.8,2.13,2.41,26.8,92,964.1,1.5,3,18,8,1,128,-1.0,128.0
2026-08-18 04:00:00+00:00,41.27,92.73,2.89,85.22,272.02,3.04,1.37,28.0,85,964.2,2.7,4,18,8,1,115,-13.0,124.0
2026-08-18 05:00:00+00:00,40.61,93.17,1.92,93.82,251.75,3.1,1.02,29.8,75,964.3,1.8,5,18,8,1,114,-1.0,128.0
2026-08-18 06:00:00+00:00,43.44,95.29,1.37,101.27,245.95,2.93,0.91,30.3,74,964.5,3.2,6,18,8,1,121,7.0,137.0
2026-08-18 07:00:00+00:00,46.2,98.48,1.02,106.83,237.24,2.77,0.74,31.5,71,963.6,1.0,7,18,8,1,127,6.0,148.0
2026-08-18 08:00:00+00:00,47.1,98.94,0.85,108.98,226.48,2.56,0.6,32.0,69,963.3,2.7,8,18,8,1,130,3.0,152.0
2026-08-18 09:00:00+00:00,47.45,98.66,0.8,110.26,219.73,2.4,0.53,32.3,67,962.5,7.1,9,18,8,1,130,0.0,153.0
2026-08-18 10:00:00+00:00,48.79,100.93,0.96,112.01,221.31,2.39,0.7,32.8,66,961.7,8.5,10,18,8,1,134,4.0,154.0
2026-08-18 11:00:00+00:00,50.2,103.0,1.35,112.57,227.72,2.44,1.1,33.1,65,961.3,10.0,11,18,8,1,137,3.0,154.0
2026-08-18 12:00:00+00:00,50.79,104.17,1.96,111.5,234.88,2.46,1.47,33.1,64,960.8,12.6,12,18,8,1,139,2.0,154.0
2026-08-18 13:00:00+00:00,51.94,106.57,3.15,107.83,249.65,2.44,2.06,32.2,70,960.8,7.9,13,18,8,1,141,2.0,155.0
2026-08-18 14:00:00+00:00,53.94,109.86,4.57,101.73,272.22,2.39,2.82,31.2,75,961.1,6.4,14,18,8,1,146,5.0,157.0
2026-08-18 15:00:00+00:00,55.87,112.96,5.42,96.47,293.07,2.32,3.46,30.5,79,961.8,5.7,15,18,8,1,151,5.0,158.0
2026-08-18 16:00:00+00:00,57.03,113.37,6.18,90.5,310.81,2.18,4.0,29.8,82,962.9,5.9,16,18,8,1,152,1.0,158.0
2026-08-18 17:00:00+00:00,58.28,114.25,7.02,85.01,330.8,2.05,4.47,28.9,86,963.5,6.3,17,18,8,1,152,0.0,158.0
2026-08-18 18:00:00+00:00,59.02,115.5,7.76,79.78,346.44,1.97,4.76,27.8,89,962.9,7.5,18,18,8,1,153,1.0,158.0
2026-08-18 19:00:00+00:00,58.83,116.32,8.1,75.54,348.81,1.95,4.72,26.9,94,962.9,10.0,19,18,8,1,153,0.0,157.0
2026-08-18 20:00:00+00:00,58.01,116.26,7.72,74.08,340.46,1.95,4.25,26.5,91,963.1,9.7,20,18,8,1,152,-1.0,158.0
2026-08-18 21:00:00+00:00,56.36,114.76,6.7,75.58,322.16,1.95,3.59,25.7,96,963.2,7.3,21,18,8,1,151,-1.0,158.0
2026-08-18 22:00:00+00:00,53.67,110.63,5.15,78.76,298.99,2.12,2.84,25.5,96,963.7,6.3,22,18,8,1,146,-5.0,158.0
2026-08-18 23:00:00+00:00,52.25,104.18,5.04,76.68,307.29,2.07,2.35,25.0,96,964.0,9.4,23,18,8,1,142,-4.0,157.0
2026-08-19 00:00:00+00:00,50.97,97.98,5.17,73.7,323.18,1.92,1.96,26.7,95,962.7,0.5,0,19,8,2,139,-3.0,157.0
2026-08-19 01:00:00+00:00,48.83,91.24,5.2,69.59,337.92,1.66,1.8,26.4,98,963.2,3.2,1,19,8,2,134,-5.0,154.0
2026-08-19 02:00:00+00:00,47.07,86.64,5.37,66.59,356.77,1.6,1.96,27.0,96,963.8,2.0,2,19,8,2,129,-5.0,152.0
2026-08-19 03:00:00+00:00,46.06,85.14,5.28,67.08,371.27,1.75,2.15,27.9,89,964.5,1.3,3,19,8,2,127,-2.0,152.0
2026-08-19 04:00:00+00:00,47.23,96.83,3.37,83.28,336.57,2.86,1.25,28.5,84,964.9,2.4,4,19,8,2,130,3.0,153.0
2026-08-19 05:00:00+00:00,48.22,96.99,2.41,94.2,327.35,2.92,0.99,29.6,80,965.2,5.6,5,19,8,2,132,2.0,153.0
2026-08-19 06:00:00+00:00,51.22,97.09,1.76,104.56,329.31,2.79,0.91,28.5,84,965.1,10.9,6,19,8,2,140,8.0,154.0
2026-08-19 07:00:00+00:00,51.77,99.66,1.25,109.9,303.19,2.7,0.72,30.3,75,964.7,6.1,7,19,8,2,141,1.0,155.0
2026-08-19 08:00:00+00:00,52.35,102.69,1.08,111.73,282.42,2.66,0.57,31.6,69,964.3,7.1,8,19,8,2,142,1.0,154.0
2026-08-19 09:00:00+00:00,52.8,104.67,1.04,113.03,271.64,2.61,0.52,31.8,69,963.8,8.2,9,19,8,2,144,2.0,154.0
2026-08-19 10:00:00+00:00,53.83,108.32,1.15,114.95,267.46,2.65,0.6,32.0,69,963.1,9.2,10,19,8,2,146,2.0,153.0
2026-08-19 11:00:00+00:00,55.09,111.48,1.44,115.08,264.84,2.71,0.81,32.0,68,962.5,12.3,11,19,8,2,149,3.0,153.0
2026-08-19 12:00:00+00:00,55.43,113.1,1.89,113.5,263.42,2.75,1.02,32.5,66,962.3,12.3,12,19,8,2,500,351.0,153.0
2026-08-19 13:00:00+00:00,55.93,113.63,3.01,109.6,274.62,2.77,1.5,31.6,75,962.4,4.8,13,19,8,2,151,-349.0,154.0
2026-08-19 14:00:00+00:00,56.54,112.75,4.37,103.7,295.42,2.7,2.22,29.5,86,962.9,5.6,14,19,8,2,152,1.0,155.0
2026-08-19 15:00:00+00:00,56.53,110.5,5.14,98.26,314.75,2.57,2.85,28.7,91,964.1,1.6,15,19,8,2,152,0.0,156.0
2026-08-19 16:00:00+00:00,54.73,104.48,5.5,92.49,326.69,2.42,3.15,26.5,96,965.5,11.6,16,19,8,2,148,-4.0,157.0
2026-08-19 17:00:00+00:00,53.25,98.98,5.68,88.63,340.54,2.38,2.97,25.9,97,965.8,7.9,17,19,8,2,145,-3.0,157.0
2026-08-19 18:00:00+00:00,51.91,93.78,5.71,85.79,353.43,2.42,2.56,26.0,97,965.3,9.0,18,19,8,2,141,-4.0,158.0
2026-08-19 19:00:00+00:00,50.06,87.53,5.65,82.39,358.76,2.5,2.2,25.4,97,965.0,10.2,19,19,8,2,137,-4.0,157.0
2026-08-19 20:00:00+00:00,49.08,82.39,5.94,78.08,374.45,2.53,2.0,24.5,98,965.3,8.9,20,19,8,2,134,-3.0,156.0
2026-08-19 21:00:00+00:00,47.89,76.74,6.2,73.65,391.07,2.48,1.84,24.5,98,965.3,9.0,21,19,8,2,132,-2.0,155.0
2026-08-19 22:00:00+00:00,46.32,70.8,6.41,69.07,406.13,2.27,1.76,24.7,97,965.4,8.1,22,19,8,2,128,-4.0,153.0
2026-08-19 23:00:00+00:00,45.15,66.63,6.67,64.97,422.84,2.01,1.7,24.8,97,965.3,7.9,23,19,8,2,125,-3.0,152.0
2026-08-20 00:00:00+00:00,44.24,63.48,6.96,61.12,440.81,1.81,1.65,25.0,97,964.8,5.8,0,20,8,3,123,-2.0,148.0
2026-08-20 01:00:00+00:00,42.61,59.75,7.03,57.52,455.58,1.72,1.6,25.0,97,965.4,3.3,1,20,8,3,119,-4.0,143.0
2026-08-20 02:00:00+00:00,40.87,56.43,7.24,54.74,472.66,1.83,1.64,25.2,96,965.8,2.3,2,20,8,3,114,-5.0,140.0
2026-08-20 03:00:00+00:00,39.57,54.04,7.29,54.79,488.49,2.03,1.68,26.1,91,965.9,0.9,3,20,8,3,111,-3.0,139.0
2026-08-20 04:00:00+00:00,36.68,50.87,5.09,68.84,448.09,2.15,1.19,27.4,84,966.2,1.3,4,20,8,3,104,-7.0,133.0
2026-08-20 05:00:00+00:00,37.42,51.55,3.68,80.81,430.01,2.12,1.1,28.6,79,966.4,1.7,5,20,8,3,106,2.0,130.0
2026-08-20 06:00:00+00:00,42.3,57.19,2.58,94.86,420.62,2.11,1.06,29.1,74,966.6,4.7,6,20,8,3,118,12.0,130.0
2026-08-20 07:00:00+00:00,45.98,74.19,1.53,103.54,355.93,2.23,0.71,29.3,74,966.1,4.8,7,20,8,3,127,9.0,114.0
2026-08-20 08:00:00+00:00,48.42,83.32,1.25,106.83,325.04,2.22,0.61,29.7,72,965.9,5.3,8,20,8,3,133,6.0,110.0
2026-08-20 09:00:00+00:00,51.08,86.22,1.25,110.57,323.59,2.18,0.66,30.6,69,964.9,4.8,9,20,8,3,139,6.0,111.0
2026-08-20 10:00:00+00:00,52.91,88.95,1.32,114.25,324.35,2.18,0.72,31.1,68,964.2,8.5,10,20,8,3,144,5.0,114.0
2026-08-20 11:00:00+00:00,52.94,90.71,1.44,116.14,317.86,2.15,0.76,31.2,69,963.4,10.5,11,20,8,3,144,0.0,116.0
2026-08-20 12:00:00+00:00,51.75,90.72,1.72,116.31,309.53,2.13,0.81,31.4,69,963.7,8.6,12,20,8,3,141,-3.0,117.0
2026-08-20 13:00:00+00:00,51.31,90.7,2.64,113.04,314.13,2.05,1.26,30.3,78,963.6,7.6,13,20,8,3,140,-1.0,122.0
2026-08-20 14:00:00+00:00,52.0,90.82,3.94,106.46,332.05,1.98,2.07,29.0,84,963.7,7.5,14,20,8,3,142,2.0,127.0
2026-08-20 15:00:00+00:00,52.34,89.68,4.76,101.33,351.71,1.96,2.79,28.3,86,964.3,8.8,15,20,8,3,142,0.0,132.0
2026-08-20 16:00:00+00:00,51.8,86.17,5.61,94.92,372.74,1.88,3.59,27.6,88,964.9,7.5,16,20,8,3,141,-1.0,136.0
2026-08-20 17:00:00+00:00,51.51,82.85,6.55,87.37,399.72,1.78,4.13,27.0,90,965.2,8.3,17,20,8,3,140,-1.0,141.0
2026-08-20 18:00:00+00:00,51.12,79.78,7.33,80.32,422.84,1.67,4.18,27.1,90,964.7,6.3,18,20,8,3,139,-1.0,145.0
2026-08-20 19:00:00+00:00,50.38,76.66,7.88,73.37,437.35,1.56,4.01,26.4,94,964.7,5.9,19,20,8,3,138,-1.0,143.0
2026-08-20 20:00:00+00:00,49.88,74.48,8.34,67.63,451.38,1.52,4.1,26.1,95,964.6,1.5,20,20,8,3,136,-2.0,141.0
2026-08-20 21:00:00+00:00,49.4,72.73,8.69,62.87,464.88,1.52,4.28,25.6,96,964.3,3.5,21,20,8,3,135,-1.0,142.0
2026-08-20 22:00:00+00:00,49.3,72.12,9.08,57.85,476.3,1.46,4.37,25.6,97,964.1,4.4,22,20,8,3,135,0.0,142.0
2026-08-20 23:00:00+00:00,49.57,72.37,9.61,52.09,491.93,1.33,4.28,25.4,99,964.1,4.4,23,20,8,3,136,1.0,144.0
2026-08-21 00:00:00+00:00,49.49,71.97,10.17,46.72,509.02,1.21,4.02,26.2,99,963.2,0.6,0,21,8,4,135,-1.0,147.0
2026-08-21 01:00:00+00:00,48.04,70.15,10.57,41.57,524.25,1.12,3.76,26.0,99,963.7,2.2,1,21,8,4,132,-3.0,149.0
2026-08-21 02:00:00+00:00,46.61,69.02,10.84,37.96,540.76,1.12,3.63,26.6,97,964.1,3.6,2,21,8,4,128,-4.0,151.0
2026-08-21 03:00:00+00:00,46.3,69.6,10.01,39.33,555.34,1.21,3.7,27.7,90,964.5,2.1,3,21,8,4,128,0.0,152.0
2026-08-21 04:00:00+00:00,44.79,81.59,3.85,82.16,408.57,2.36,1.49,29.1,83,964.6,2.3,4,21,8,4,124,-4.0,113.0
2026-08-21 05:00:00+00:00,46.36,91.62,2.19,100.0,357.02,2.72,0.94,30.1,77,964.8,3.6,5,21,8,4,128,4.0,112.0
2026-08-21 06:00:00+00:00,50.1,99.01,1.56,109.4,340.08,2.85,0.82,31.3,70,964.7,5.6,6,21,8,4,137,9.0,120.0
2026-08-21 07:00:00+00:00,54.63,109.47,1.24,116.35,328.37,3.05,0.7,32.0,66,963.9,5.9,7,21,8,4,148,11.0,104.0
2026-08-21 08:00:00+00:00,57.59,116.85,1.16,119.08,315.46,3.08,0.73,32.8,64,963.3,5.5,8,21,8,4,152,4.0,97.0
2026-08-21 09:00:00+00:00,59.71,122.49,1.18,120.57,306.18,3.04,0.79,33.3,64,962.2,7.5,9,21,8,4,153,1.0,97.0
2026-08-21 10:00:00+00:00,60.54,126.74,1.29,122.74,296.32,3.0,0.89,33.3,65,961.5,9.3,10,21,8,4,154,1.0,100.0
2026-08-21 11:00:00+00:00,60.42,129.65,1.55,122.73,284.12,2.97,1.04,33.0,66,960.5,11.5,11,21,8,4,154,0.0,104.0
2026-08-21 12:00:00+00:00,61.4,135.77,2.05,119.84,279.09,3.04,1.19,34.0,63,960.4,4.4,12,21,8,4,154,0.0,108.0
2026-08-21 13:00:00+00:00,63.94,144.62,3.31,113.96,286.73,3.14,1.66,32.6,75,960.4,5.2,13,21,8,4,155,1.0,112.0
2026-08-21 14:00:00+00:00,66.87,152.0,4.83,105.22,304.34,3.15,2.38,30.9,85,960.5,4.0,14,21,8,4,157,2.0,118.0
2026-08-21 15:00:00+00:00,68.6,155.27,5.73,97.95,319.36,3.06,3.03,29.9,89,961.2,5.2,15,21,8,4,158,1.0,124.0
2026-08-21 16:00:00+00:00,68.56,153.64,6.25,91.01,327.87,2.86,3.51,29.0,91,961.9,5.2,16,21,8,4,158,0.0,129.0
2026-08-21 17:00:00+00:00,68.41,152.03,6.56,85.87,336.77,2.7,3.89,28.5,90,962.6,8.8,17,21,8,4,158,0.0,134.0
2026-08-21 18:00:00+00:00,68.09,150.17,6.81,81.77,343.43,2.58,4.16,27.8,91,962.0,7.4,18,21,8,4,158,0.0,138.0
2026-08-21 19:00:00+00:00,67.63,146.14,7.43,75.75,352.1,2.33,4.42,26.1,90,962.3,12.1,19,21,8,4,157,-1.0,139.0
2026-08-21 20:00:00+00:00,68.14,142.59,8.4,68.39,370.69,1.98,4.62,24.7,95,962.8,13.9,20,21,8,4,158,1.0,141.0
2026-08-21 21:00:00+00:00,68.92,140.1,9.21,61.72,391.11,1.69,4.59,24.6,95,962.9,6.8,21,21,8,4,158,0.0,143.0
2026-08-21 22:00:00+00:00,68.79,135.76,9.76,56.04,409.51,1.48,4.25,24.7,95,963.0,4.2,22,21,8,4,158,0.0,143.0
2026-08-21 23:00:00+00:00,68.03,129.34,9.79,53.54,425.23,1.42,3.44,24.6,96,963.2,4.5,23,21,8,4,157,-1.0,145.0
2026-08-22 00:00:00+00:00,66.19,121.23,9.06,55.22,432.29,1.53,2.51,26.4,97,962.5,5.2,0,22,8,5,157,0.0,146.0
2026-08-22 01:00:00+00:00,61.11,114.96,6.07,66.38,404.14,1.74,1.94,25.8,96,963.0,5.9,1,22,8,5,154,-3.0,156.0
2026-08-22 02:00:00+00:00,58.34,110.86,5.62,66.23,410.31,1.71,2.06,26.1,91,963.7,5.8,2,22,8,5,152,-2.0,156.0
2026-08-22 03:00:00+00:00,56.62,109.5,5.18,67.61,413.8,1.82,2.13,26.7,85,964.0,6.0,3,22,8,5,152,0.0,156.0
2026-08-22 04:00:00+00:00,58.46,135.43,2.76,87.64,323.78,3.4,1.11,27.7,77,964.7,5.8,4,22,8,5,153,1.0,155.0
2026-08-22 05:00:00+00:00,59.23,140.74,1.79,96.9,290.08,3.73,0.73,29.0,71,964.9,4.0,5,22,8,5,153,0.0,155.0
2026-08-22 06:00:00+00:00,61.92,142.45,1.35,104.18,284.88,3.64,0.65,30.9,65,964.6,3.5,6,22,8,5,154,1.0,157.0
2026-08-22 07:00:00+00:00,62.57,142.57,1.07,109.47,272.37,3.59,0.53,31.4,65,963.9,6.5,7,22,8,5,155,1.0,154.0
2026-08-22 08:00:00+00:00,61.31,136.23,0.96,111.92,257.67,3.43,0.46,31.6,66,963.2,4.2,8,22,8,5,154,-1.0,149.0
2026-08-22 09:00:00+00:00,60.59,130.37,0.97,112.59,249.95,3.32,0.43,32.1,66,962.5,3.7,9,22,8,5,154,0.0,146.0
2026-08-22 10:00:00+00:00,60.27,125.13,1.25,111.56,250.08,3.27,0.71,32.4,66,961.7,4.7,10,22,8,5,153,-1.0,147.0
2026-08-22 11:00:00+00:00,60.22,122.6,1.73,110.82,255.82,3.2,1.29,32.1,68,961.3,6.0,11,22,8,5,153,0.0,151.0
2026-08-22 12:00:00+00:00,59.95,122.16,2.39,110.32,260.86,3.18,1.88,31.9,66,961.5,10.3,12,22,8,5,153,0.0,152.0
2026-08-22 13:00:00+00:00,60.99,123.82,4.04,106.38,279.33,3.13,2.96,30.8,73,961.5,8.1,13,22,8,5,154,1.0,154.0
2026-08-22 14:00:00+00:00,63.29,126.1,5.84,99.57,308.71,3.01,4.18,29.7,79,961.7,3.9,14,22,8,5,155,1.0,156.0
2026-08-22 15:00:00+00:00,65.42,127.45,6.78,93.29,337.0,2.81,4.98,29.3,81,962.3,2.8,15,22,8,5,156,1.0,158.0
2026-08-22 16:00:00+00:00,66.59,125.67,7.46,86.7,362.16,2.57,5.05,29.0,83,963.1,1.9,16,22,8,5,157,1.0,160.0
2026-08-22 17:00:00+00:00,67.79,122.74,8.16,80.82,390.32,2.46,4.54,28.5,86,963.4,1.6,17,22,8,5,157,0.0,162.0
2026-08-22 18:00:00+00:00,68.33,118.84,8.69,75.65,412.61,2.41,3.35,26.4,90,963.7,9.1,18,22,8,5,158,1.0,163.0
2026-08-22 19:00:00+00:00,66.7,111.52,8.63,70.81,415.35,2.41,2.3,25.2,95,963.5,14.1,19,22,8,5,157,-1.0,163.0
2026-08-22 20:00:00+00:00,65.49,105.99,8.28,68.83,416.53,2.37,1.78,24.2,94,963.7,3.7,20,22,8,5,156,-1.0,164.0
2026-08-22 21:00:00+00:00,63.64,100.23,7.73,68.74,413.82,2.24,1.52,24.0,97,962.8,4.9,21,22,8,5,155,-1.0,165.0
2026-08-22 22:00:00+00:00,59.36,93.08,5.94,75.84,382.24,1.92,1.24,24.0,98,963.9,4.2,22,22,8,5,153,-2.0,165.0
2026-08-22 23:00:00+00:00,56.57,87.7,5.57,74.97,376.29,1.6,1.17,23.7,99,964.4,6.7,23,22,8,5,152,-1.0,165.0
2026-08-23 00:00:00+00:00,54.56,83.53,5.49,72.92,377.37,1.4,1.16,25.3,90,963.4,1.7,0,23,8,6,148,-4.0,166.0
2026-08-23 01:00:00+00:00,52.57,78.92,5.54,70.31,381.57,1.31,1.21,24.7,93,964.0,2.9,1,23,8,6,143,-5.0,166.0
2026-08-23 02:00:00+00:00,51.48,76.14,5.97,66.86,394.39,1.32,1.4,25.4,92,965.1,6.1,2,23,8,6,140,-3.0,166.0
2026-08-23 03:00:00+00:00,50.93,74.59,6.31,65.75,408.14,1.44,1.68,27.3,82,965.9,2.0,3,23,8,6,139,-1.0,166.0
2026-08-23 04:00:00+00:00,48.46,70.63,5.09,73.81,392.48,1.54,1.7,28.9,75,966.2,6.4,4,23,8,6,133,-6.0,164.0
2026-08-23 05:00:00+00:00,47.47,68.59,3.87,82.68,377.98,1.49,1.63,30.2,69,966.6,7.2,5,23,8,6,130,-3.0,164.0
2026-08-23 06:00:00+00:00,47.46,67.87,2.51,94.81,353.28,1.41,1.5,30.5,63,967.6,5.4,6,23,8,6,130,0.0,167.0
2026-08-23 07:00:00+00:00,40.92,59.41,1.28,104.19,293.48,1.18,1.07,32.2,58,967.1,0.6,7,23,8,6,114,-16.0,162.0
2026-08-23 08:00:00+00:00,39.21,56.82,1.23,104.93,280.69,1.01,1.32,33.2,53,966.1,6.5,8,23,8,6,110,-4.0,159.0
2026-08-23 09:00:00+00:00,39.71,57.13,1.4,106.54,281.24,1.01,1.74,33.5,50,965.7,7.5,9,23,8,6,111,1.0,158.0
2026-08-23 10:00:00+00:00,40.72,58.5,1.67,112.32,286.95,1.08,2.38,33.3,46,965.0,5.8,10,23,8,6,114,3.0,158.0
2026-08-23 11:00:00+00:00,41.51,59.91,2.01,116.09,290.15,1.16,2.97,33.2,45,964.4,1.5,11,23,8,6,116,2.0,158.0
2026-08-23 12:00:00+00:00,42.03,61.07,2.58,117.23,294.92,1.25,3.48,32.9,53,964.3,2.1,12,23,8,6,117,1.0,159.0
2026-08-23 13:00:00+00:00,43.84,63.62,5.14,108.84,327.63,1.33,4.9,31.7,61,964.1,2.5,13,23,8,6,122,5.0,160.0
2026-08-23 14:00:00+00:00,46.25,67.1,8.53,95.03,379.3,1.39,6.65,29.7,72,963.9,2.9,14,23,8,6,127,5.0,162.0
2026-08-23 15:00:00+00:00,47.91,70.08,10.63,84.15,422.78,1.44,7.89,28.4,80,964.3,5.1,15,23,8,6,132,5.0,164.0
2026-08-23 16:00:00+00:00,49.62,73.04,12.13,76.23,455.69,1.46,8.86,27.6,86,965.0,3.2,16,23,8,6,136,4.0,165.0
2026-08-23 17:00:00+00:00,51.77,76.6,13.09,70.71,484.98,1.49,9.43,26.8,89,965.0,4.9,17,23,8,6,141,5.0,166.0
2026-08-23 18:00:00+00:00,53.18,79.3,13.52,65.7,502.43,1.49,9.45,27.3,84,964.8,6.3,18,23,8,6,145,4.0,167.0
2026-08-23 19:00:00+00:00,52.45,79.31,13.79,58.38,507.67,1.34,8.79,27.0,80,964.7,4.8,19,23,8,6,143,-2.0,167.0
2026-08-23 20:00:00+00:00,51.93,79.44,14.56,50.47,521.88,1.2,8.42,26.7,79,964.2,4.1,20,23,8,6,141,-2.0,168.0
2026-08-23 21:00:00+00:00,51.95,80.26,15.32,43.95,539.87,1.1,8.39,26.0,82,963.9,4.0,21,23,8,6,142,1.0,168.0
2026-08-23 22:00:00+00:00,52.13,81.31,15.98,38.5,555.0,1.03,8.33,25.3,85,964.0,4.5,22,23,8,6,142,0.0,168.0
2026-08-23 23:00:00+00:00,52.95,83.02,16.5,33.9,570.26,0.96,7.8,24.8,87,963.9,3.8,23,23,8,6,144,2.0,169.0
2026-08-24 00:00:00+00:00,53.98,85.01,16.97,29.75,583.77,0.91,7.23,24.9,87,964.6,6.4,0,24,8,0,147,3.0,169.0
2026-08-24 01:00:00+00:00,54.89,86.77,17.14,25.85,597.06,0.86,6.66,24.3,89,965.0,4.6,1,24,8,0,149,2.0,173.0
2026-08-24 02:00:00+00:00,55.81,88.95,16.55,23.39,620.73,0.88,6.62,25.2,87,965.6,3.8,2,24,8,0,151,2.0,173.0
2026-08-24 03:00:00+00:00,56.54,91.47,13.14,28.48,643.01,0.95,6.8,27.4,78,966.2,2.0,3,24,8,0,152,1.0,173.0
2026-08-24 04:00:00+00:00,40.45,77.79,3.98,84.81,353.47,2.15,2.49,29.4,70,966.6,1.3,4,24,8,0,113,-39.0,169.0
2026-08-24 05:00:00+00:00,39.92,74.93,2.12,102.26,310.95,1.96,1.93,31.1,64,966.5,1.0,5,24,8,0,112,-1.0,170.0
2026-08-24 06:00:00+00:00,43.34,77.8,1.44,113.59,299.72,1.9,1.82,32.5,59,966.7,1.4,6,24,8,0,120,8.0,172.0
2026-08-24 07:00:00+00:00,36.73,64.47,0.91,115.46,261.53,1.68,1.22,33.8,54,966.2,1.2,7,24,8,0,104,-16.0,168.0
2026-08-24 08:00:00+00:00,34.02,58.79,0.99,116.99,250.12,1.45,1.41,34.6,50,965.2,2.2,8,24,8,0,97,-7.0,165.0
2026-08-24 09:00:00+00:00,34.05,58.31,1.16,118.82,247.46,1.38,1.74,35.1,48,964.4,2.3,9,24,8,0,97,0.0,164.0
2026-08-24 10:00:00+00:00,35.28,59.93,1.49,121.07,252.1,1.43,2.21,35.1,46,963.7,1.5,10,24,8,0,100,3.0,163.0
2026-08-24 11:00:00+00:00,36.91,62.35,2.03,121.76,259.8,1.58,2.81,34.7,46,962.8,1.3,11,24,8,0,104,4.0,164.0
2026-08-24 12:00:00+00:00,38.24,64.74,2.9,120.25,269.93,1.76,3.44,33.8,49,962.6,5.8,12,24,8,0,108,4.0,165.0
2026-08-24 13:00:00+00:00,40.03,67.81,5.55,110.39,303.46,1.93,4.61,31.8,64,962.1,2.3,13,24,8,0,112,4.0,166.0
2026-08-24 14:00:00+00:00,42.4,71.8,8.97,94.69,355.58,2.01,5.86,30.0,73,962.2,2.9,14,24,8,0,118,6.0,167.0
2026-08-24 15:00:00+00:00,44.84,76.04,11.12,82.14,403.24,1.99,6.73,29.2,79,962.7,3.3,15,24,8,0,124,6.0,169.0
2026-08-24 16:00:00+00:00,46.84,79.3,12.55,72.44,439.2,1.87,7.32,28.8,82,963.6,4.0,16,24,8,0,129,5.0,169.0
2026-08-24 17:00:00+00:00,48.94,82.89,13.65,64.62,471.63,1.77,7.79,28.4,84,963.6,3.2,17,24,8,0,134,5.0,170.0
2026-08-24 18:00:00+00:00,50.47,85.81,14.61,57.74,497.16,1.66,8.0,28.8,80,963.6,3.6,18,24,8,0,138,4.0,171.0
2026-08-24 19:00:00+00:00,50.92,87.28,15.27,51.7,508.75,1.52,8.11,28.3,83,963.9,1.2,19,24,8,0,139,1.0,171.0
2026-08-24 20:00:00+00:00,51.61,88.9,15.95,46.93,520.21,1.48,8.7,27.9,84,963.9,0.9,20,24,8,0,141,2.0,171.0
2026-08-24 21:00:00+00:00,52.37,90.59,16.6,43.49,533.01,1.5,9.61,27.4,85,963.7,1.5,21,24,8,0,143,2.0,172.0
2026-08-24 22:00:00+00:00,52.72,91.72,17.12,40.58,540.53,1.52,10.5,26.8,86,963.9,1.0,22,24,8,0,143,0.0,172.0
2026-08-24 23:00:00+00:00,53.19,93.18,17.39,37.22,548.47,1.46,10.61,26.4,87,964.0,1.8,23,24,8,0,145,2.0,172.0
2026-08-25 00:00:00+00:00,53.74,94.53,17.67,33.7,557.76,1.36,9.9,26.1,88,964.1,4.8,0,25,8,1,146,1.0,173.0
2026-08-26 01:00:00+00:00,64.6,123.95,16.73,30.81,536.66,1.18,6.64,26.8,91,964.7,3.2,1,26,8,2,156,10.0,173.0
2026-08-26 02:00:00+00:00,64.42,126.8,15.99,31.83,542.25,1.33,6.49,27.6,88,965.2,2.1,2,26,8,2,156,0.0,173.0
2026-08-26 03:00:00+00:00,64.89,132.53,12.98,38.16,553.32,1.57,6.22,29.5,76,965.6,0.7,3,26,8,2,156,0.0,173.0
2026-08-26 04:00:00+00:00,62.61,153.61,4.41,89.47,332.95,3.99,2.51,31.2,66,965.9,1.0,4,26,8,2,155,-1.0,167.0
2026-08-26 05:00:00+00:00,62.35,150.51,2.44,104.81,285.56,4.11,1.71,32.6,60,966.0,2.5,5,26,8,2,155,0.0,165.0
2026-08-26 06:00:00+00:00,66.48,151.27,1.68,114.13,273.06,3.85,1.4,33.4,57,966.1,1.0,6,26,8,2,157,2.0,164.0
2026-08-26 07:00:00+00:00,60.64,142.53,1.05,119.24,229.93,4.26,0.82,34.4,55,965.4,0.9,7,26,8,2,154,-3.0,164.0
2026-08-26 08:00:00+00:00,55.04,130.52,0.98,119.09,210.17,3.59,0.87,35.2,53,964.4,2.8,8,26,8,2,149,-5.0,164.0
2026-08-26 09:00:00+00:00,53.63,126.11,1.09,119.59,207.15,3.26,1.09,35.7,51,963.4,3.3,9,26,8,2,146,-3.0,163.0
2026-08-26 10:00:00+00:00,54.16,126.2,1.3,121.09,210.5,3.22,1.32,35.8,51,962.5,2.3,10,26,8,2,147,1.0,163.0
2026-08-26 11:00:00+00:00,55.77,129.64,1.59,121.19,215.2,3.34,1.48,35.5,51,961.5,3.9,11,26,8,2,151,4.0,164.0
2026-08-26 12:00:00+00:00,57.7,135.14,2.06,119.86,220.65,3.6,1.55,35.3,49,961.5,5.9,12,26,8,2,152,1.0,164.0
2026-08-26 13:00:00+00:00,61.23,142.47,4.0,112.07,247.71,3.81,2.35,34.1,58,961.2,5.8,13,26,8,2,154,2.0,163.0
2026-08-26 14:00:00+00:00,65.81,149.63,6.83,99.4,294.9,3.84,3.79,32.7,68,961.2,7.9,14,26,8,2,156,2.0,164.0
2026-08-26 15:00:00+00:00,69.96,156.4,8.71,89.83,337.74,3.8,5.03,31.7,73,961.7,7.5,15,26,8,2,158,2.0,164.0
2026-08-26 16:00:00+00:00,72.99,160.67,10.2,80.7,373.33,3.6,6.02,30.9,76,962.4,5.4,16,26,8,2,160,2.0,164.0
2026-08-26 17:00:00+00:00,75.95,164.91,11.63,72.3,410.46,3.3,6.68,30.5,77,962.9,4.1,17,26,8,2,162,2.0,163.0
2026-08-26 18:00:00+00:00,78.07,167.7,12.96,64.74,442.9,2.96,7.03,30.4,77,962.3,5.2,18,26,8,2,163,1.0,162.0
2026-08-26 19:00:00+00:00,79.16,168.72,14.05,57.57,464.68,2.6,7.25,29.9,78,962.0,4.0,19,26,8,2,163,0.0,161.0
2026-08-26 20:00:00+00:00,80.46,170.47,14.86,51.17,484.26,2.33,7.72,29.7,80,961.5,2.9,20,26,8,2,164,1.0,160.0
2026-08-26 21:00:00+00:00,81.89,172.05,15.57,45.43,503.45,2.13,8.32,29.4,81,961.5,0.7,21,26,8,2,165,1.0,160.0
2026-08-26 22:00:00+00:00,82.58,172.29,16.18,40.35,516.37,1.99,8.92,28.5,86,961.5,0.2,22,26,8,2,165,0.0,159.0
2026-08-26 23:00:00+00:00,83.3,173.24,16.74,36.1,528.9,1.9,9.49,27.6,90,961.4,2.7,23,26,8,2,165,0.0,159.0
2026-08-27 00:00:00+00:00,83.96,174.25,17.41,32.35,542.34,1.83,9.79,27.6,92,961.5,3.5,0,27,8,3,166,1.0,159.0
2026-08-27 01:00:00+00:00,83.95,174.27,18.01,28.75,556.29,1.76,9.83,27.0,96,961.9,1.5,1,27,8,3,166,0.0,159.0
2026-08-27 02:00:00+00:00,84.19,175.83,18.27,25.94,582.74,1.81,9.7,27.9,92,962.5,2.9,2,27,8,3,166,0.0,159.0
2026-08-27 03:00:00+00:00,85.0,180.41,16.06,29.47,616.1,2.01,9.72,30.6,77,962.9,2.3,3,27,8,3,166,0.0,159.0
2026-08-27 04:00:00+00:00,80.65,201.84,7.34,78.14,422.26,4.42,6.12,32.7,66,963.4,1.5,4,27,8,3,164,-2.0,157.0
2026-08-27 05:00:00+00:00,80.04,198.31,4.71,97.51,370.43,4.46,4.68,34.3,58,963.6,2.0,5,27,8,3,164,0.0,157.0
2026-08-27 06:00:00+00:00,87.14,204.5,2.91,115.07,339.79,4.46,3.68,35.2,51,963.6,0.2,6,27,8,3,167,3.0,157.0
2026-08-27 07:00:00+00:00,77.58,197.95,1.24,123.73,254.89,5.18,1.7,36.1,49,963.0,1.2,7,27,8,3,162,-5.0,157.0
2026-08-27 08:00:00+00:00,70.1,184.3,0.97,123.81,223.24,4.54,1.27,36.6,46,962.3,0.7,8,27,8,3,159,-3.0,158.0
2026-08-27 09:00:00+00:00,68.11,180.06,0.99,123.53,214.75,4.23,1.25,37.2,43,961.5,0.9,9,27,8,3,158,-1.0,159.0
2026-08-27 10:00:00+00:00,68.11,180.68,1.12,124.41,213.43,4.16,1.34,37.2,42,960.8,3.1,10,27,8,3,158,0.0,159.0
2026-08-27 11:00:00+00:00,69.1,183.79,1.38,123.9,215.13,4.25,1.46,36.7,44,960.2,4.5,11,27,8,3,158,0.0,159.0
2026-08-27 12:00:00+00:00,70.2,188.54,1.84,121.86,218.48,4.45,1.59,36.8,45,960.0,7.1,12,27,8,3,159,1.0,159.0
2026-08-27 13:00:00+00:00,73.17,193.45,3.98,112.68,247.07,4.54,2.6,35.3,55,960.0,6.9,13,27,8,3,160,1.0,160.0
2026-08-27 14:00:00+00:00,77.27,197.64,6.96,100.33,295.89,4.51,4.32,33.5,67,960.3,10.2,14,27,8,3,162,2.0,161.0
2026-08-27 15:00:00+00:00,80.57,200.98,9.06,91.64,339.91,4.45,5.86,32.5,70,961.0,7.2,15,27,8,3,164,2.0,163.0
2026-08-27 16:00:00+00:00,82.54,200.65,10.83,82.91,378.23,4.21,7.25,31.6,72,961.6,6.0,16,27,8,3,165,1.0,163.0
2026-08-27 17:00:00+00:00,84.76,201.1,12.58,74.55,419.41,3.93,8.48,30.9,73,961.8,4.3,17,27,8,3,166,1.0,164.0
2026-08-27 18:00:00+00:00,86.37,201.63,14.14,66.72,455.94,3.64,9.38,31.0,73,961.6,3.3,18,27,8,3,167,1.0,163.0
2026-08-27 19:00:00+00:00,86.77,200.14,15.23,59.48,477.95,3.3,9.95,30.4,74,961.3,6.1,19,27,8,3,167,0.0,162.0
2026-08-27 20:00:00+00:00,87.46,200.47,15.86,54.63,493.88,3.14,10.86,29.9,77,961.1,2.6,20,27,8,3,168,1.0,161.0
2026-08-27 21:00:00+00:00,88.35,201.63,16.15,51.18,504.06,3.08,11.78,29.6,81,960.8,0.8,21,27,8,3,168,0.0,160.0
2026-08-27 22:00:00+00:00,88.98,201.98,16.23,48.62,508.1,3.05,12.45,29.0,84,960.8,1.3,22,27,8,3,168,0.0,159.0
2026-08-27 23:00:00+00:00,89.95,203.06,16.34,46.04,514.08,2.96,12.67,28.5,86,960.8,1.5,23,27,8,3,169,1.0,159.0
2026-08-28 00:00:00+00:00,91.01,204.42,16.48,42.99,524.25,2.79,12.48,28.8,81,960.9,1.0,0,28,8,4,169,0.0,159.0
2026-08-29 01:00:00+00:00,97.19,200.94,13.99,35.16,490.2,1.04,6.51,27.5,86,961.6,15.2,1,29,8,5,173,4.0,157.0
2026-08-29 02:00:00+00:00,97.59,202.81,14.94,30.86,518.4,1.09,6.8,27.5,84,962.7,8.2,2,29,8,5,173,0.0,156.0
2026-08-29 03:00:00+00:00,98.28,208.65,14.21,31.25,555.45,1.2,6.81,28.0,80,963.3,6.7,3,29,8,5,173,0.0,155.0
2026-08-29 04:00:00+00:00,90.47,247.23,4.46,91.18,338.41,4.79,2.81,29.6,71,963.6,5.4,4,29,8,5,169,-4.0,154.0
2026-08-29 05:00:00+00:00,92.02,254.5,2.34,112.4,294.81,6.23,1.76,31.3,67,963.7,2.9,5,29,8,5,170,1.0,154.0
2026-08-29 06:00:00+00:00,95.45,256.76,1.52,124.21,279.02,6.47,1.35,33.4,59,963.2,1.8,6,29,8,5,172,2.0,155.0
2026-08-29 07:00:00+00:00,89.17,238.28,0.87,129.27,242.87,5.91,0.35,33.8,60,962.6,4.5,7,29,8,5,168,-4.0,154.0
2026-08-29 08:00:00+00:00,82.5,220.66,0.69,127.23,222.17,5.18,0.04,34.0,60,962.3,1.5,8,29,8,5,165,-3.0,153.0
2026-08-29 09:00:00+00:00,80.48,214.06,0.69,125.2,215.69,4.9,0.02,34.5,58,961.4,4.8,9,29,8,5,164,-1.0,154.0
2026-08-29 10:00:00+00:00,79.42,210.25,0.74,124.99,213.87,4.72,0.04,34.9,57,960.5,5.5,10,29,8,5,163,-1.0,154.0
2026-08-29 11:00:00+00:00,80.46,211.6,0.89,124.51,215.22,4.86,0.11,34.7,59,960.2,7.4,11,29,8,5,164,1.0,154.0
